path,filename,diagnosis,patient_id,sample_rate,n_samples,duration_s,pcm_md5,fold,label
data/raw/yaseen/audio/AS_New_3주기/New_AS_001.wav,New_AS_001.wav,AS,New_AS_001,8000,20849,2.606,ccc04a07dbb4936bf3124de9aabf2cfe,0,1
data/raw/yaseen/audio/AS_New_3주기/New_AS_002.wav,New_AS_002.wav,AS,New_AS_002,8000,20854,2.607,6a1ec0ffefac879f6e006737f456a8ad,2,1
data/raw/yaseen/audio/AS_New_3주기/New_AS_003.wav,New_AS_003.wav,AS,New_AS_003,8000,20883,2.61,0ac344b007d20e60e13dc32acd77cb23,1,1
data/raw/yaseen/audio/AS_New_3주기/New_AS_004.wav,New_AS_004.wav,AS,New_AS_004,8000,20871,2.609,66b250e83ebd5770599f32c96bb2fe24,4,1
data/raw/yaseen/audio/AS_New_3주기/New_AS_005.wav,New_AS_005.wav,AS,New_AS_005,8000,20990,2.624,7103bb0ab7d76594a9a6e81863f1beb0,2,1
data/raw/yaseen/audio/AS_New_3주기/New_AS_006.wav,New_AS_006.wav,AS,New_AS_006,8000,20814,2.602,7b1d59955941704f2107212fb926eb22,3,1
data/raw/yaseen/audio/AS_New_3주기/New_AS_007.wav,New_AS_007.wav,AS,New_AS_007,8000,20869,2.609,28aee3f682ba9360521b9afa80c29740,0,1
data/raw/yaseen/audio/AS_New_3주기/New_AS_008.wav,New_AS_008.wav,AS,New_AS_008,8000,20801,2.6,f982c5961fd9bcc2fb4e5b9e01ad3626,2,1
data/raw/yaseen/audio/AS_New_3주기/New_AS_009.wav,New_AS_009.wav,AS,New_AS_009,8000,20898,2.612,07f74800819f5b9a10c1999d6ec28092,2,1
data/raw/yaseen/audio/AS_New_3주기/New_AS_010.wav,New_AS_010.wav,AS,New_AS_010,8000,20899,2.612,cd33513dbf69eb0ded13f9e001805fb6,4,1
data/raw/yaseen/audio/AS_New_3주기/New_AS_011.wav,New_AS_011.wav,AS,New_AS_011,8000,20738,2.592,f9be2abcd1834d4da00dab660366251c,3,1
data/raw/yaseen/audio/AS_New_3주기/New_AS_012.wav,New_AS_012.wav,AS,New_AS_012,8000,20846,2.606,9345df5444ab8a9c1fc67c86fca989ba,0,1
data/raw/yaseen/audio/AS_New_3주기/New_AS_013.wav,New_AS_013.wav,AS,New_AS_013,8000,21047,2.631,842cf4da9c93ecf8808e621df85b4d8f,0,1
data/raw/yaseen/audio/AS_New_3주기/New_AS_014.wav,New_AS_014.wav,AS,New_AS_014,8000,20854,2.607,18e501e95e9478c4933b5c368b2a0d67,3,1
data/raw/yaseen/audio/AS_New_3주기/New_AS_015.wav,New_AS_015.wav,AS,New_AS_015,8000,20938,2.617,2dbc31fcf945b271ab1b6d136556b753,2,1
data/raw/yaseen/audio/AS_New_3주기/New_AS_016.wav,New_AS_016.wav,AS,New_AS_016,8000,19398,2.425,0afa85f4375c9bcfe649c3a415e36ee8,3,1
data/raw/yaseen/audio/AS_New_3주기/New_AS_017.wav,New_AS_017.wav,AS,New_AS_017,8000,20687,2.586,a8b60c60e3decb85539799aae6bb4dc8,1,1
data/raw/yaseen/audio/AS_New_3주기/New_AS_018.wav,New_AS_018.wav,AS,New_AS_018,8000,20827,2.603,3ed9a2063b457e455361c04631490ee5,3,1
data/raw/yaseen/audio/AS_New_3주기/New_AS_019.wav,New_AS_019.wav,AS,New_AS_019,8000,20933,2.617,d3e478622ed2070f41ebc874e85b5a50,1,1
data/raw/yaseen/audio/AS_New_3주기/New_AS_020.wav,New_AS_020.wav,AS,New_AS_020,8000,20784,2.598,682712824a456b9e25d444def2346643,1,1
data/raw/yaseen/audio/AS_New_3주기/New_AS_021.wav,New_AS_021.wav,AS,New_AS_021,8000,21105,2.638,28df6216241d931c8c5b66431dee6fb8,3,1
data/raw/yaseen/audio/AS_New_3주기/New_AS_022.wav,New_AS_022.wav,AS,New_AS_022,8000,20837,2.605,2a6f32a241a4c87aee42489b575c01a2,1,1
data/raw/yaseen/audio/AS_New_3주기/New_AS_023.wav,New_AS_023.wav,AS,New_AS_023,8000,20997,2.625,fd1ce96007fdd080bcbd9baa91c14886,0,1
data/raw/yaseen/audio/AS_New_3주기/New_AS_024.wav,New_AS_024.wav,AS,New_AS_024,8000,22562,2.82,4893d6057bf15731c52c7ae1ade7983e,4,1
data/raw/yaseen/audio/AS_New_3주기/New_AS_025.wav,New_AS_025.wav,AS,New_AS_025,8000,20911,2.614,6f5c5f664c4b1a1b374e95c399dd728b,2,1
data/raw/yaseen/audio/AS_New_3주기/New_AS_026.wav,New_AS_026.wav,AS,New_AS_026,8000,20797,2.6,c68119b5ebd45959ad16fac8fbbde31b,1,1
data/raw/yaseen/audio/AS_New_3주기/New_AS_027.wav,New_AS_027.wav,AS,New_AS_027,8000,20869,2.609,4476d57dd4b822dfd7d8b0464d7c6346,4,1
data/raw/yaseen/audio/AS_New_3주기/New_AS_028.wav,New_AS_028.wav,AS,New_AS_028,8000,21027,2.628,ea90bb64fd6057b74b0260ee8a21af5c,4,1
data/raw/yaseen/audio/AS_New_3주기/New_AS_029.wav,New_AS_029.wav,AS,New_AS_029,8000,20673,2.584,1237cdc347957bd4e10d9b8223f4a4f7,3,1
data/raw/yaseen/audio/AS_New_3주기/New_AS_030.wav,New_AS_030.wav,AS,New_AS_030,8000,20834,2.604,788c2f3320f24e862bb3b2342498d690,0,1
data/raw/yaseen/audio/AS_New_3주기/New_AS_031.wav,New_AS_031.wav,AS,New_AS_031,8000,21049,2.631,f4f769018f6d706d0d0648ea6d75b5ff,0,1
data/raw/yaseen/audio/AS_New_3주기/New_AS_032.wav,New_AS_032.wav,AS,New_AS_032,8000,20873,2.609,78c54bf45be57ab74088e0ed62b687d2,3,1
data/raw/yaseen/audio/AS_New_3주기/New_AS_033.wav,New_AS_033.wav,AS,New_AS_033,8000,20945,2.618,0767f8ff38256a4aab60f30782c8dbb0,3,1
data/raw/yaseen/audio/AS_New_3주기/New_AS_034.wav,New_AS_034.wav,AS,New_AS_034,8000,20988,2.623,ab66ded9a49a180f19b0f40c7b8ae824,2,1
data/raw/yaseen/audio/AS_New_3주기/New_AS_035.wav,New_AS_035.wav,AS,New_AS_035,8000,20863,2.608,c653175b1777a92c63389c94400d9baa,0,1
data/raw/yaseen/audio/AS_New_3주기/New_AS_036.wav,New_AS_036.wav,AS,New_AS_036,8000,20897,2.612,e94fd60aecf9a0f0575b0a88d96d87e2,2,1
data/raw/yaseen/audio/AS_New_3주기/New_AS_037.wav,New_AS_037.wav,AS,New_AS_037,8000,20953,2.619,34ca8bae6986cb44f00bf4cbab0b18ee,1,1
data/raw/yaseen/audio/AS_New_3주기/New_AS_038.wav,New_AS_038.wav,AS,New_AS_038,8000,20810,2.601,c4e2cc0b853690b1ae953f039f88f7c5,0,1
data/raw/yaseen/audio/AS_New_3주기/New_AS_039.wav,New_AS_039.wav,AS,New_AS_039,8000,21059,2.632,11ce7e0b39822a366dfc7b845afe5600,0,1
data/raw/yaseen/audio/AS_New_3주기/New_AS_040.wav,New_AS_040.wav,AS,New_AS_040,8000,21071,2.634,000f3d538e19f54fb4393317608a3073,0,1
data/raw/yaseen/audio/AS_New_3주기/New_AS_041.wav,New_AS_041.wav,AS,New_AS_041,8000,20715,2.589,d65428ac991e5360d7d7dc8a20bd6655,4,1
data/raw/yaseen/audio/AS_New_3주기/New_AS_042.wav,New_AS_042.wav,AS,New_AS_042,8000,20875,2.609,e1a4d05ccfd8c7ddbaf1de5e53afbdbc,3,1
data/raw/yaseen/audio/AS_New_3주기/New_AS_043.wav,New_AS_043.wav,AS,New_AS_043,8000,20810,2.601,ce382bd3a952a7ac6b54d66d34b6cc71,2,1
data/raw/yaseen/audio/AS_New_3주기/New_AS_044.wav,New_AS_044.wav,AS,New_AS_044,8000,20884,2.611,dc1eee1a9d3b172eb99d8399dbe24467,4,1
data/raw/yaseen/audio/AS_New_3주기/New_AS_045.wav,New_AS_045.wav,AS,New_AS_045,8000,21104,2.638,05fe1c3658df8e5688d5139dfd52cf99,1,1
data/raw/yaseen/audio/AS_New_3주기/New_AS_046.wav,New_AS_046.wav,AS,New_AS_046,8000,21016,2.627,65495a8b132d17624866f3e29bfd2f59,3,1
data/raw/yaseen/audio/AS_New_3주기/New_AS_047.wav,New_AS_047.wav,AS,New_AS_047,8000,20690,2.586,b7958daff3713f2f97c8e3780d8cb968,3,1
data/raw/yaseen/audio/AS_New_3주기/New_AS_048.wav,New_AS_048.wav,AS,New_AS_048,8000,27417,3.427,807f94e67da16a2fe842a50081a1cc98,0,1
data/raw/yaseen/audio/AS_New_3주기/New_AS_049.wav,New_AS_049.wav,AS,New_AS_049,8000,23420,2.928,5647419bc68365260acd93e9219de626,0,1
data/raw/yaseen/audio/AS_New_3주기/New_AS_050.wav,New_AS_050.wav,AS,New_AS_050,8000,23341,2.918,8c8d0744bbab3ede99b8deb2d7157870,1,1
data/raw/yaseen/audio/AS_New_3주기/New_AS_051.wav,New_AS_051.wav,AS,New_AS_051,8000,23347,2.918,820a1fda8421e3c39776f372e2c59f3c,1,1
data/raw/yaseen/audio/AS_New_3주기/New_AS_052.wav,New_AS_052.wav,AS,New_AS_052,8000,23343,2.918,5a85fbca4ca97facc666c8f6dded66e9,2,1
data/raw/yaseen/audio/AS_New_3주기/New_AS_053.wav,New_AS_053.wav,AS,New_AS_053,8000,23515,2.939,cc3b31584105bda5f3c1c2b5084a010e,1,1
data/raw/yaseen/audio/AS_New_3주기/New_AS_054.wav,New_AS_054.wav,AS,New_AS_054,8000,23315,2.914,e8d535803acbbe3d407c62e48c2718d4,1,1
data/raw/yaseen/audio/AS_New_3주기/New_AS_055.wav,New_AS_055.wav,AS,New_AS_055,8000,23582,2.948,c3c54b029bb78a66ca580b56d5d09ea2,0,1
data/raw/yaseen/audio/AS_New_3주기/New_AS_056.wav,New_AS_056.wav,AS,New_AS_056,8000,23282,2.91,745ce31f76ee405eeda2b93f5c7a8ba8,2,1
data/raw/yaseen/audio/AS_New_3주기/New_AS_057.wav,New_AS_057.wav,AS,New_AS_057,8000,23391,2.924,27be2fdfd0b5564ed513fb76169efb8f,2,1
data/raw/yaseen/audio/AS_New_3주기/New_AS_058.wav,New_AS_058.wav,AS,New_AS_058,8000,23134,2.892,7a2de683b0dfbfd327e1481771a388e0,3,1
data/raw/yaseen/audio/AS_New_3주기/New_AS_059.wav,New_AS_059.wav,AS,New_AS_059,8000,23421,2.928,b0873efef253691049313aa53fa811c5,2,1
data/raw/yaseen/audio/AS_New_3주기/New_AS_060.wav,New_AS_060.wav,AS,New_AS_060,8000,23392,2.924,7e049c326ff532b237734cdadcf92435,0,1
data/raw/yaseen/audio/AS_New_3주기/New_AS_061.wav,New_AS_061.wav,AS,New_AS_061,8000,23682,2.96,780d251797d6a6c11cdca9edce2fbaca,2,1
data/raw/yaseen/audio/AS_New_3주기/New_AS_062.wav,New_AS_062.wav,AS,New_AS_062,8000,23308,2.913,e9cecfd6388227081705f28225b0412b,0,1
data/raw/yaseen/audio/AS_New_3주기/New_AS_063.wav,New_AS_063.wav,AS,New_AS_063,8000,23347,2.918,3344ea4dcc86dc892e9d310986d3d86e,2,1
data/raw/yaseen/audio/AS_New_3주기/New_AS_064.wav,New_AS_064.wav,AS,New_AS_064,8000,23328,2.916,d554b33d56b2c50f31e7b004a837e91f,1,1
data/raw/yaseen/audio/AS_New_3주기/New_AS_065.wav,New_AS_065.wav,AS,New_AS_065,8000,23688,2.961,1073e8a6bc2f593fcd8fe26c3956bc37,2,1
data/raw/yaseen/audio/AS_New_3주기/New_AS_066.wav,New_AS_066.wav,AS,New_AS_066,8000,23286,2.911,0afafd235d2980c6f418e16ee9488c27,4,1
data/raw/yaseen/audio/AS_New_3주기/New_AS_067.wav,New_AS_067.wav,AS,New_AS_067,8000,23527,2.941,37852012a56a8fcd5b1971e9d3087c0d,4,1
data/raw/yaseen/audio/AS_New_3주기/New_AS_068.wav,New_AS_068.wav,AS,New_AS_068,8000,23223,2.903,de52a26bc33402c1fe35650e9cd91750,3,1
data/raw/yaseen/audio/AS_New_3주기/New_AS_069.wav,New_AS_069.wav,AS,New_AS_069,8000,23689,2.961,215bfeb19231cfe8e8ab59c7b012c70f,0,1
data/raw/yaseen/audio/AS_New_3주기/New_AS_070.wav,New_AS_070.wav,AS,New_AS_070,8000,23254,2.907,b1bd12125ad0fe010aff0a825fd2b376,4,1
data/raw/yaseen/audio/AS_New_3주기/New_AS_071.wav,New_AS_071.wav,AS,New_AS_071,8000,23582,2.948,cf1ebb58b52f476e148878d3dd7fcdb5,1,1
data/raw/yaseen/audio/AS_New_3주기/New_AS_072.wav,New_AS_072.wav,AS,New_AS_072,8000,23335,2.917,88b30e4f65de1985609691bae0e61276,4,1
data/raw/yaseen/audio/AS_New_3주기/New_AS_073.wav,New_AS_073.wav,AS,New_AS_073,8000,23532,2.942,cf090831244267b8392ef0173ec2712c,0,1
data/raw/yaseen/audio/AS_New_3주기/New_AS_074.wav,New_AS_074.wav,AS,New_AS_074,8000,23297,2.912,2133bdac807d61ac3397a84d298888a5,1,1
data/raw/yaseen/audio/AS_New_3주기/New_AS_075.wav,New_AS_075.wav,AS,New_AS_075,8000,23533,2.942,62aa141e5c7d3f458f25da7f5993316c,3,1
data/raw/yaseen/audio/AS_New_3주기/New_AS_076.wav,New_AS_076.wav,AS,New_AS_076,8000,23370,2.921,b641f30924c7c2196ea8f932808357fc,0,1
data/raw/yaseen/audio/AS_New_3주기/New_AS_077.wav,New_AS_077.wav,AS,New_AS_077,8000,20909,2.614,d239a81571d5e89cc8391f35b9ed6926,4,1
data/raw/yaseen/audio/AS_New_3주기/New_AS_078.wav,New_AS_078.wav,AS,New_AS_078,8000,20841,2.605,336b3912590d825cfd4ec6e813dffdb6,1,1
data/raw/yaseen/audio/AS_New_3주기/New_AS_079.wav,New_AS_079.wav,AS,New_AS_079,8000,20904,2.613,48eedb395ac2f0caf2d9911dd769059a,0,1
data/raw/yaseen/audio/AS_New_3주기/New_AS_080.wav,New_AS_080.wav,AS,New_AS_080,8000,21044,2.631,8b9df84b7cdde8c89378b0e958676af8,1,1
data/raw/yaseen/audio/AS_New_3주기/New_AS_081.wav,New_AS_081.wav,AS,New_AS_081,8000,20715,2.589,0c7643815081a92f1a83f871d3bd1683,4,1
data/raw/yaseen/audio/AS_New_3주기/New_AS_082.wav,New_AS_082.wav,AS,New_AS_082,8000,20923,2.615,76ca241906fbebc6ae90df9535b1747f,0,1
data/raw/yaseen/audio/AS_New_3주기/New_AS_083.wav,New_AS_083.wav,AS,New_AS_083,8000,21106,2.638,a4443e375dd2755c04553fac52aba522,1,1
data/raw/yaseen/audio/AS_New_3주기/New_AS_084.wav,New_AS_084.wav,AS,New_AS_084,8000,20896,2.612,8da74a870b3f64f9ea7f93e4a819d782,1,1
data/raw/yaseen/audio/AS_New_3주기/New_AS_085.wav,New_AS_085.wav,AS,New_AS_085,8000,20947,2.618,b5d697538ac14b2b37364b60917e6168,2,1
data/raw/yaseen/audio/AS_New_3주기/New_AS_086.wav,New_AS_086.wav,AS,New_AS_086,8000,20868,2.608,18ee801de57d0ae933c9901da3d8754c,1,1
data/raw/yaseen/audio/AS_New_3주기/New_AS_087.wav,New_AS_087.wav,AS,New_AS_087,8000,20829,2.604,6023418bdf0fa7bc638c03dd548246b9,2,1
data/raw/yaseen/audio/AS_New_3주기/New_AS_088.wav,New_AS_088.wav,AS,New_AS_088,8000,20880,2.61,83ad5e9db1fb5f5841a3c16df2c39b69,3,1
data/raw/yaseen/audio/AS_New_3주기/New_AS_089.wav,New_AS_089.wav,AS,New_AS_089,8000,21068,2.634,b5337890b99abe2122a11cb4baec8926,2,1
data/raw/yaseen/audio/AS_New_3주기/New_AS_090.wav,New_AS_090.wav,AS,New_AS_090,8000,20833,2.604,b9db3f20ae334bcd333e515d79785b6e,2,1
data/raw/yaseen/audio/AS_New_3주기/New_AS_091.wav,New_AS_091.wav,AS,New_AS_091,8000,20919,2.615,9df44bbf396507c864bf0b03cb062b4c,1,1
data/raw/yaseen/audio/AS_New_3주기/New_AS_092.wav,New_AS_092.wav,AS,New_AS_092,8000,21080,2.635,dd14fc486e0d6fbdc07a2230f5fa5d4a,3,1
data/raw/yaseen/audio/AS_New_3주기/New_AS_093.wav,New_AS_093.wav,AS,New_AS_093,8000,20637,2.58,6c70eae5768d27e98f09add6daea920e,3,1
data/raw/yaseen/audio/AS_New_3주기/New_AS_094.wav,New_AS_094.wav,AS,New_AS_094,8000,20835,2.604,67602a851bb29d4d85cfa28258cdaedb,3,1
data/raw/yaseen/audio/AS_New_3주기/New_AS_095.wav,New_AS_095.wav,AS,New_AS_095,8000,21042,2.63,f3963772f3fbb78e5cc14f018bea8f61,1,1
data/raw/yaseen/audio/AS_New_3주기/New_AS_096.wav,New_AS_096.wav,AS,New_AS_096,8000,20839,2.605,9a275abdaf1d565ab07b9ed93a2de35e,0,1
data/raw/yaseen/audio/AS_New_3주기/New_AS_097.wav,New_AS_097.wav,AS,New_AS_097,8000,20973,2.622,bd4c7577acdf752f296586bf7f564875,4,1
data/raw/yaseen/audio/AS_New_3주기/New_AS_098.wav,New_AS_098.wav,AS,New_AS_098,8000,21013,2.627,869bedfdd37157b6a848b2deef1ff537,4,1
data/raw/yaseen/audio/AS_New_3주기/New_AS_099.wav,New_AS_099.wav,AS,New_AS_099,8000,20801,2.6,bdbe9e8fc85925a82a8821f6d1acc147,1,1
data/raw/yaseen/audio/AS_New_3주기/New_AS_100.wav,New_AS_100.wav,AS,New_AS_100,8000,24943,3.118,bc300234804795389f071f97b2bd8b38,4,1
data/raw/yaseen/audio/AS_New_3주기/New_AS_101.wav,New_AS_101.wav,AS,New_AS_101,8000,20726,2.591,0b8e9d38a34d6a242ea43ae0f5bc5f57,0,1
data/raw/yaseen/audio/AS_New_3주기/New_AS_102.wav,New_AS_102.wav,AS,New_AS_102,8000,20815,2.602,9343671f5e78e38508e1b53913697365,3,1
data/raw/yaseen/audio/AS_New_3주기/New_AS_103.wav,New_AS_103.wav,AS,New_AS_103,8000,20914,2.614,0e0c05b145170624d97eaaad49e96686,4,1
data/raw/yaseen/audio/AS_New_3주기/New_AS_104.wav,New_AS_104.wav,AS,New_AS_104,8000,21049,2.631,b4dd894ec1a7f5809005c336f0ccbb13,0,1
data/raw/yaseen/audio/AS_New_3주기/New_AS_105.wav,New_AS_105.wav,AS,New_AS_105,8000,20835,2.604,cd836158c5af00dbfb68ae08c7088e5e,0,1
data/raw/yaseen/audio/AS_New_3주기/New_AS_106.wav,New_AS_106.wav,AS,New_AS_106,8000,20778,2.597,93d466ad7c5659ce767408a0b4317bf6,0,1
data/raw/yaseen/audio/AS_New_3주기/New_AS_107.wav,New_AS_107.wav,AS,New_AS_107,8000,21026,2.628,37d1435d0d4a52f60275983385ded993,4,1
data/raw/yaseen/audio/AS_New_3주기/New_AS_108.wav,New_AS_108.wav,AS,New_AS_108,8000,20867,2.608,7136fa37e0cafcc10a9397b49860aae6,4,1
data/raw/yaseen/audio/AS_New_3주기/New_AS_109.wav,New_AS_109.wav,AS,New_AS_109,8000,21037,2.63,73adaab6c9522a9e62f5c37e5b0cd0a6,3,1
data/raw/yaseen/audio/AS_New_3주기/New_AS_110.wav,New_AS_110.wav,AS,New_AS_110,8000,21010,2.626,457ef77cd7f81c254741717779b3b7fb,3,1
data/raw/yaseen/audio/AS_New_3주기/New_AS_111.wav,New_AS_111.wav,AS,New_AS_111,8000,19284,2.41,3a6a4da07515a6be03784a9651a7c852,2,1
data/raw/yaseen/audio/AS_New_3주기/New_AS_112.wav,New_AS_112.wav,AS,New_AS_112,8000,19364,2.421,5126aa8e03040e7894ce8918b423dbca,2,1
data/raw/yaseen/audio/AS_New_3주기/New_AS_113.wav,New_AS_113.wav,AS,New_AS_113,8000,19281,2.41,9ee569a038d5ebb7cd3127d3e005b396,0,1
data/raw/yaseen/audio/AS_New_3주기/New_AS_114.wav,New_AS_114.wav,AS,New_AS_114,8000,19331,2.416,9180c418ba99cf81506a3c71afdd5dab,4,1
data/raw/yaseen/audio/AS_New_3주기/New_AS_115.wav,New_AS_115.wav,AS,New_AS_115,8000,21119,2.64,97e279366bfcb80b7472a6939ff1d9a2,2,1
data/raw/yaseen/audio/AS_New_3주기/New_AS_116.wav,New_AS_116.wav,AS,New_AS_116,8000,20924,2.615,90ecb3cf766ff4f270798f092655b146,2,1
data/raw/yaseen/audio/AS_New_3주기/New_AS_117.wav,New_AS_117.wav,AS,New_AS_117,8000,20864,2.608,d6487a600b66eac192295bd20e2e9b1c,3,1
data/raw/yaseen/audio/AS_New_3주기/New_AS_118.wav,New_AS_118.wav,AS,New_AS_118,8000,20919,2.615,bf65b42bcdd63c10e3122461bddfb9d1,3,1
data/raw/yaseen/audio/AS_New_3주기/New_AS_119.wav,New_AS_119.wav,AS,New_AS_119,8000,20990,2.624,c2df736a06dc74fe11527f1764524293,3,1
data/raw/yaseen/audio/AS_New_3주기/New_AS_120.wav,New_AS_120.wav,AS,New_AS_120,8000,21037,2.63,3dae7b68787778017bc33acc88b2b843,1,1
data/raw/yaseen/audio/AS_New_3주기/New_AS_121.wav,New_AS_121.wav,AS,New_AS_121,8000,21040,2.63,e8ce80c9670715273d7fec3ee02bffcb,2,1
data/raw/yaseen/audio/AS_New_3주기/New_AS_122.wav,New_AS_122.wav,AS,New_AS_122,8000,20796,2.599,c011b6a201b7bc324c2b202cc3268d46,3,1
data/raw/yaseen/audio/AS_New_3주기/New_AS_123.wav,New_AS_123.wav,AS,New_AS_123,8000,20948,2.619,5be0ee73c98fb2cf61ab83f1e9166546,0,1
data/raw/yaseen/audio/AS_New_3주기/New_AS_124.wav,New_AS_124.wav,AS,New_AS_124,8000,20887,2.611,cac1f3410364ace41392e4797cf13eaa,4,1
data/raw/yaseen/audio/AS_New_3주기/New_AS_125.wav,New_AS_125.wav,AS,New_AS_125,8000,21012,2.627,c33a583fe4ebb0706aa4ef1f0bf56355,2,1
data/raw/yaseen/audio/AS_New_3주기/New_AS_126.wav,New_AS_126.wav,AS,New_AS_126,8000,21084,2.635,ef28e53380b4ef326bbdb3c3254cf23f,0,1
data/raw/yaseen/audio/AS_New_3주기/New_AS_127.wav,New_AS_127.wav,AS,New_AS_127,8000,20684,2.586,3996ccd0200605d5fc95e1bdaa31e933,1,1
data/raw/yaseen/audio/AS_New_3주기/New_AS_128.wav,New_AS_128.wav,AS,New_AS_128,8000,28402,3.55,0107f8a8c5643666b6ee18c714309378,1,1
data/raw/yaseen/audio/AS_New_3주기/New_AS_129.wav,New_AS_129.wav,AS,New_AS_129,8000,18980,2.373,8255880c27b669b75dcb4ffb452fae51,2,1
data/raw/yaseen/audio/AS_New_3주기/New_AS_130.wav,New_AS_130.wav,AS,New_AS_130,8000,19131,2.391,1650287be72e1895976630b4383e4a59,0,1
data/raw/yaseen/audio/AS_New_3주기/New_AS_131.wav,New_AS_131.wav,AS,New_AS_131,8000,22360,2.795,def6703b75368cdb4535174f4ae62393,2,1
data/raw/yaseen/audio/AS_New_3주기/New_AS_132.wav,New_AS_132.wav,AS,New_AS_132,8000,22208,2.776,bbcfce4337e19aff44ffb472a4729d1b,3,1
data/raw/yaseen/audio/AS_New_3주기/New_AS_133.wav,New_AS_133.wav,AS,New_AS_133,8000,23398,2.925,97ccb1621a605b0d77b6165c0088c95c,4,1
data/raw/yaseen/audio/AS_New_3주기/New_AS_134.wav,New_AS_134.wav,AS,New_AS_134,8000,20354,2.544,3ae333cf160eefe649378451332d492c,3,1
data/raw/yaseen/audio/AS_New_3주기/New_AS_135.wav,New_AS_135.wav,AS,New_AS_135,8000,24844,3.106,e075518bf6528eef4b8a71954d2b2355,4,1
data/raw/yaseen/audio/AS_New_3주기/New_AS_136.wav,New_AS_136.wav,AS,New_AS_136,8000,18915,2.364,c16f0750b2410fc64f882923f64d6dbf,1,1
data/raw/yaseen/audio/AS_New_3주기/New_AS_137.wav,New_AS_137.wav,AS,New_AS_137,8000,18898,2.362,8b0895155d2ebbdf9396931b22d260ef,1,1
data/raw/yaseen/audio/AS_New_3주기/New_AS_138.wav,New_AS_138.wav,AS,New_AS_138,8000,18923,2.365,d19274cc58da13c6a10ecfd97e315e00,0,1
data/raw/yaseen/audio/AS_New_3주기/New_AS_139.wav,New_AS_139.wav,AS,New_AS_139,8000,18895,2.362,3f0135d083d77510e9931a58c20bea62,1,1
data/raw/yaseen/audio/AS_New_3주기/New_AS_140.wav,New_AS_140.wav,AS,New_AS_140,8000,26288,3.286,ff54be06c3e18911295d8dd2dd553329,4,1
data/raw/yaseen/audio/AS_New_3주기/New_AS_141.wav,New_AS_141.wav,AS,New_AS_141,8000,26358,3.295,ae21cf8345e226729547bec45eed8d22,1,1
data/raw/yaseen/audio/AS_New_3주기/New_AS_142.wav,New_AS_142.wav,AS,New_AS_142,8000,26576,3.322,56008c8acb679c9998fc2d4ff5cdb662,1,1
data/raw/yaseen/audio/AS_New_3주기/New_AS_143.wav,New_AS_143.wav,AS,New_AS_143,8000,21255,2.657,fe2a6b2e4a5f1b9d46a82151e07d902c,4,1
data/raw/yaseen/audio/AS_New_3주기/New_AS_144.wav,New_AS_144.wav,AS,New_AS_144,8000,23986,2.998,b49f919d8363b6d23b6be55bb8f8a66e,4,1
data/raw/yaseen/audio/AS_New_3주기/New_AS_145.wav,New_AS_145.wav,AS,New_AS_145,8000,23819,2.977,63b785b7cc35589b51d5fc83788d2e58,3,1
data/raw/yaseen/audio/AS_New_3주기/New_AS_146.wav,New_AS_146.wav,AS,New_AS_146,8000,24092,3.011,033c356d8c53ce9e4b923d5e5982cbb5,3,1
data/raw/yaseen/audio/AS_New_3주기/New_AS_147.wav,New_AS_147.wav,AS,New_AS_147,8000,23971,2.996,e53abdd9a0c9579e87b5ba72cbb24c1c,4,1
data/raw/yaseen/audio/AS_New_3주기/New_AS_148.wav,New_AS_148.wav,AS,New_AS_148,8000,23115,2.889,2f7bdcfd64690af8b48f1e7506e82d1d,1,1
data/raw/yaseen/audio/AS_New_3주기/New_AS_149.wav,New_AS_149.wav,AS,New_AS_149,8000,23948,2.994,9c67d21e98f114cb0ad9e9d17042632b,3,1
data/raw/yaseen/audio/AS_New_3주기/New_AS_150.wav,New_AS_150.wav,AS,New_AS_150,8000,24136,3.017,f25a4a89a4754798f19362b29980868c,4,1
data/raw/yaseen/audio/AS_New_3주기/New_AS_151.wav,New_AS_151.wav,AS,New_AS_151,8000,23951,2.994,db596c604ad71b8ca798759fbad375cd,2,1
data/raw/yaseen/audio/AS_New_3주기/New_AS_152.wav,New_AS_152.wav,AS,New_AS_152,8000,26390,3.299,2ed4a8836d2292cef41a20a4991af701,3,1
data/raw/yaseen/audio/AS_New_3주기/New_AS_153.wav,New_AS_153.wav,AS,New_AS_153,8000,26367,3.296,a5d48da40b6daa0e7664f31a429d2726,1,1
data/raw/yaseen/audio/AS_New_3주기/New_AS_154.wav,New_AS_154.wav,AS,New_AS_154,8000,26577,3.322,f0b36b54b0818111a9fa5a42c1391535,4,1
data/raw/yaseen/audio/AS_New_3주기/New_AS_155.wav,New_AS_155.wav,AS,New_AS_155,8000,23366,2.921,b898ee97f207dde4e00ed7af9309c074,4,1
data/raw/yaseen/audio/AS_New_3주기/New_AS_156.wav,New_AS_156.wav,AS,New_AS_156,8000,18933,2.367,c2f428642893ca9950fdfd1847ffecf8,0,1
data/raw/yaseen/audio/AS_New_3주기/New_AS_157.wav,New_AS_157.wav,AS,New_AS_157,8000,18839,2.355,f49f0fc38c3b61f0a1a369515c0584ad,0,1
data/raw/yaseen/audio/AS_New_3주기/New_AS_158.wav,New_AS_158.wav,AS,New_AS_158,8000,18962,2.37,f64a0c01b2380be2e32d4dffd3398736,0,1
data/raw/yaseen/audio/AS_New_3주기/New_AS_159.wav,New_AS_159.wav,AS,New_AS_159,8000,18927,2.366,6bd1de8cd29fdb256fb38d284c5f6fae,4,1
data/raw/yaseen/audio/AS_New_3주기/New_AS_160.wav,New_AS_160.wav,AS,New_AS_160,8000,18974,2.372,235c2c161d84abdaa7c20817a67f1676,4,1
data/raw/yaseen/audio/AS_New_3주기/New_AS_161.wav,New_AS_161.wav,AS,New_AS_161,8000,18953,2.369,e7b4c6c147a4413e7f55bc11ca5f75a4,1,1
data/raw/yaseen/audio/AS_New_3주기/New_AS_162.wav,New_AS_162.wav,AS,New_AS_162,8000,19038,2.38,79b7647a89dd5aeb8c1db7ee077752ae,3,1
data/raw/yaseen/audio/AS_New_3주기/New_AS_163.wav,New_AS_163.wav,AS,New_AS_163,8000,18942,2.368,5610c58d0db14f18931722332dc3f661,4,1
data/raw/yaseen/audio/AS_New_3주기/New_AS_164.wav,New_AS_164.wav,AS,New_AS_164,8000,24125,3.016,32f2465421bf476586de282818c78349,3,1
data/raw/yaseen/audio/AS_New_3주기/New_AS_165.wav,New_AS_165.wav,AS,New_AS_165,8000,24092,3.011,3c1de1a170c5328a30af7734f20ddff9,1,1
data/raw/yaseen/audio/AS_New_3주기/New_AS_166.wav,New_AS_166.wav,AS,New_AS_166,8000,23894,2.987,4a005920023d9a9cbc2dd8aab1d07428,1,1
data/raw/yaseen/audio/AS_New_3주기/New_AS_167.wav,New_AS_167.wav,AS,New_AS_167,8000,24123,3.015,a03977e18b1dee514f9f647aec80e6f5,4,1
data/raw/yaseen/audio/AS_New_3주기/New_AS_168.wav,New_AS_168.wav,AS,New_AS_168,8000,24278,3.035,3638c02ee0f41b74a70afc71745c2ae2,0,1
data/raw/yaseen/audio/AS_New_3주기/New_AS_169.wav,New_AS_169.wav,AS,New_AS_169,8000,23603,2.95,867a51a62732e7c73b547130dfd668de,3,1
data/raw/yaseen/audio/AS_New_3주기/New_AS_170.wav,New_AS_170.wav,AS,New_AS_170,8000,24046,3.006,2d647e08c67a4ae0101d668dcc80492b,1,1
data/raw/yaseen/audio/AS_New_3주기/New_AS_171.wav,New_AS_171.wav,AS,New_AS_171,8000,24132,3.017,3fd48257e182ebaa8215ac0dac252fb3,2,1
data/raw/yaseen/audio/AS_New_3주기/New_AS_172.wav,New_AS_172.wav,AS,New_AS_172,8000,23730,2.966,69c872262bee1af3286bdfb2f10a5c68,2,1
data/raw/yaseen/audio/AS_New_3주기/New_AS_173.wav,New_AS_173.wav,AS,New_AS_173,8000,24132,3.017,2e5c2bc46621eaebe7ee25e5553568af,2,1
data/raw/yaseen/audio/AS_New_3주기/New_AS_174.wav,New_AS_174.wav,AS,New_AS_174,8000,25223,3.153,ff36a6de22908a02105d6233aa0d7fa0,3,1
data/raw/yaseen/audio/AS_New_3주기/New_AS_175.wav,New_AS_175.wav,AS,New_AS_175,8000,22544,2.818,55ad8ca5f9b832ce0d884b58f8f1dcdd,1,1
data/raw/yaseen/audio/AS_New_3주기/New_AS_176.wav,New_AS_176.wav,AS,New_AS_176,8000,24067,3.008,9661563f4ea96bb380370e8a05d5425a,1,1
data/raw/yaseen/audio/AS_New_3주기/New_AS_177.wav,New_AS_177.wav,AS,New_AS_177,8000,24127,3.016,be664bc9375720d2959f326336cbb587,2,1
data/raw/yaseen/audio/AS_New_3주기/New_AS_178.wav,New_AS_178.wav,AS,New_AS_178,8000,24080,3.01,a96b605be9c279178008abbdb87ebb65,2,1
data/raw/yaseen/audio/AS_New_3주기/New_AS_179.wav,New_AS_179.wav,AS,New_AS_179,8000,23759,2.97,6d365afbf2345bfb41290c1221978104,4,1
data/raw/yaseen/audio/AS_New_3주기/New_AS_180.wav,New_AS_180.wav,AS,New_AS_180,8000,20155,2.519,e2111ff897ec0c695b5e3279e5b7d5e1,0,1
data/raw/yaseen/audio/AS_New_3주기/New_AS_181.wav,New_AS_181.wav,AS,New_AS_181,8000,20143,2.518,b115c47b507221e8fd05c29e917cbad6,0,1
data/raw/yaseen/audio/AS_New_3주기/New_AS_182.wav,New_AS_182.wav,AS,New_AS_182,8000,20186,2.523,fff736fba119c97586a8e6412c75d354,2,1
data/raw/yaseen/audio/AS_New_3주기/New_AS_183.wav,New_AS_183.wav,AS,New_AS_183,8000,20143,2.518,457796d5dd061e407eef1314e368fef3,0,1
data/raw/yaseen/audio/AS_New_3주기/New_AS_184.wav,New_AS_184.wav,AS,New_AS_184,8000,18973,2.372,aca2789b39bf2de1c60a1268d0649a61,3,1
data/raw/yaseen/audio/AS_New_3주기/New_AS_185.wav,New_AS_185.wav,AS,New_AS_185,8000,18909,2.364,8c5e2cb9c8978b37f40acb1de7409cfb,3,1
data/raw/yaseen/audio/AS_New_3주기/New_AS_186.wav,New_AS_186.wav,AS,New_AS_186,8000,19065,2.383,70dbd0034a95d5219e46388d6ca471f5,0,1
data/raw/yaseen/audio/AS_New_3주기/New_AS_187.wav,New_AS_187.wav,AS,New_AS_187,8000,18970,2.371,070359445505fec4f9bf302687942fe1,4,1
data/raw/yaseen/audio/AS_New_3주기/New_AS_188.wav,New_AS_188.wav,AS,New_AS_188,8000,19211,2.401,79eeafc705133b7af26097c38913a6a6,4,1
data/raw/yaseen/audio/AS_New_3주기/New_AS_189.wav,New_AS_189.wav,AS,New_AS_189,8000,18799,2.35,3fc9a6fce129846b060a045dac435293,3,1
data/raw/yaseen/audio/AS_New_3주기/New_AS_190.wav,New_AS_190.wav,AS,New_AS_190,8000,23763,2.97,57366c4bf43cf482fc6e317e35860258,0,1
data/raw/yaseen/audio/AS_New_3주기/New_AS_191.wav,New_AS_191.wav,AS,New_AS_191,8000,23740,2.967,69f44b2796516b1066508a75d1af893e,1,1
data/raw/yaseen/audio/AS_New_3주기/New_AS_192.wav,New_AS_192.wav,AS,New_AS_192,8000,27768,3.471,ce44e76232ebe7451dd58b65e7a19fad,2,1
data/raw/yaseen/audio/AS_New_3주기/New_AS_193.wav,New_AS_193.wav,AS,New_AS_193,8000,28205,3.526,90fd28aa9b06aef6405c668f398a4db3,2,1
data/raw/yaseen/audio/AS_New_3주기/New_AS_194.wav,New_AS_194.wav,AS,New_AS_194,8000,26038,3.255,9560601f18aaa203443a3d1610a799d2,2,1
data/raw/yaseen/audio/AS_New_3주기/New_AS_195.wav,New_AS_195.wav,AS,New_AS_195,8000,26001,3.25,97904769942e4d02840cd2aefdcd5f7d,2,1
data/raw/yaseen/audio/AS_New_3주기/New_AS_196.wav,New_AS_196.wav,AS,New_AS_196,8000,24487,3.061,a4edbd2e0f4802d07eed72ca25224ecd,4,1
data/raw/yaseen/audio/AS_New_3주기/New_AS_197.wav,New_AS_197.wav,AS,New_AS_197,8000,24705,3.088,25ad772c4da8e1be60d1734d62e537dc,4,1
data/raw/yaseen/audio/AS_New_3주기/New_AS_198.wav,New_AS_198.wav,AS,New_AS_198,8000,24633,3.079,a9cde8cc0126ec32122e368479a17023,2,1
data/raw/yaseen/audio/AS_New_3주기/New_AS_199.wav,New_AS_199.wav,AS,New_AS_199,8000,24302,3.038,b25ea6b9ca7c4540b948cd9e0594e8c1,4,1
data/raw/yaseen/audio/AS_New_3주기/New_AS_200.wav,New_AS_200.wav,AS,New_AS_200,8000,24329,3.041,778eac394e1599b4a7b2469640c71433,3,1
data/raw/yaseen/audio/MR_New_3주기/New_MR_001.wav,New_MR_001.wav,MR,New_MR_001,8000,16795,2.099,9e6ce577cdd5ee431012ee8c72ece308,1,3
data/raw/yaseen/audio/MR_New_3주기/New_MR_002.wav,New_MR_002.wav,MR,New_MR_002,8000,16676,2.084,25d62038843fefdb0a2d63219151b270,1,3
data/raw/yaseen/audio/MR_New_3주기/New_MR_003.wav,New_MR_003.wav,MR,New_MR_003,8000,16914,2.114,789bb20672f7713422ca23b4be572b78,2,3
data/raw/yaseen/audio/MR_New_3주기/New_MR_004.wav,New_MR_004.wav,MR,New_MR_004,8000,16616,2.077,a26d4444e49d7e5f9040f9c7b823e198,3,3
data/raw/yaseen/audio/MR_New_3주기/New_MR_005.wav,New_MR_005.wav,MR,New_MR_005,8000,12604,1.575,420efd80b82c1ae09606e20d4c8347cb,2,3
data/raw/yaseen/audio/MR_New_3주기/New_MR_006.wav,New_MR_006.wav,MR,New_MR_006,8000,13750,1.719,26cf24d82d0e008cf459a19b34b3fd12,3,3
data/raw/yaseen/audio/MR_New_3주기/New_MR_007.wav,New_MR_007.wav,MR,New_MR_007,8000,14450,1.806,9b205ff6b9dd35590cd0a3d95cb0265a,0,3
data/raw/yaseen/audio/MR_New_3주기/New_MR_008.wav,New_MR_008.wav,MR,New_MR_008,8000,12914,1.614,59f2a274f6968c24b76159712f3df740,1,3
data/raw/yaseen/audio/MR_New_3주기/New_MR_009.wav,New_MR_009.wav,MR,New_MR_009,8000,14199,1.775,b91664c4cd2b7f90e3f398050fe14c1d,2,3
data/raw/yaseen/audio/MR_New_3주기/New_MR_010.wav,New_MR_010.wav,MR,New_MR_010,8000,13327,1.666,d2797ca6f531a6a443f83a2386a5f504,2,3
data/raw/yaseen/audio/MR_New_3주기/New_MR_011.wav,New_MR_011.wav,MR,New_MR_011,8000,19571,2.446,0ae0e0fb018c3a4be7124bcc22eaca93,4,3
data/raw/yaseen/audio/MR_New_3주기/New_MR_012.wav,New_MR_012.wav,MR,New_MR_012,8000,19228,2.404,541a84e7266785ccd7e60385cf0b973c,2,3
data/raw/yaseen/audio/MR_New_3주기/New_MR_013.wav,New_MR_013.wav,MR,New_MR_013,8000,19513,2.439,33dbd372e86d0eaa1a573d94d50dd661,0,3
data/raw/yaseen/audio/MR_New_3주기/New_MR_014.wav,New_MR_014.wav,MR,New_MR_014,8000,18971,2.371,d933dadea58a036f1fa7a48f04ecdde1,0,3
data/raw/yaseen/audio/MR_New_3주기/New_MR_015.wav,New_MR_015.wav,MR,New_MR_015,8000,14805,1.851,b2f765f5547bdb0263363ce6e525aa22,0,3
data/raw/yaseen/audio/MR_New_3주기/New_MR_016.wav,New_MR_016.wav,MR,New_MR_016,8000,14134,1.767,f86b3127a4ad63f00bc431e57a60d6ab,0,3
data/raw/yaseen/audio/MR_New_3주기/New_MR_017.wav,New_MR_017.wav,MR,New_MR_017,8000,16390,2.049,6c9a29786e286faf1360591412c85e99,2,3
data/raw/yaseen/audio/MR_New_3주기/New_MR_018.wav,New_MR_018.wav,MR,New_MR_018,8000,13320,1.665,478a0faa45a334277276517fd2cdf0dc,4,3
data/raw/yaseen/audio/MR_New_3주기/New_MR_019.wav,New_MR_019.wav,MR,New_MR_019,8000,15586,1.948,90c79bd7224c667e520d862ea680312a,0,3
data/raw/yaseen/audio/MR_New_3주기/New_MR_020.wav,New_MR_020.wav,MR,New_MR_020,8000,13855,1.732,f1cb5e876d958e302b8518a91e212bb1,1,3
data/raw/yaseen/audio/MR_New_3주기/New_MR_021.wav,New_MR_021.wav,MR,New_MR_021,8000,14926,1.866,8c7009c67fc246206f794e121cc5f9d3,3,3
data/raw/yaseen/audio/MR_New_3주기/New_MR_022.wav,New_MR_022.wav,MR,New_MR_022,8000,15087,1.886,f17c30a2554f33de8026c80c3291351e,0,3
data/raw/yaseen/audio/MR_New_3주기/New_MR_023.wav,New_MR_023.wav,MR,New_MR_023,8000,15554,1.944,4ab4ca2d83a9acf99f0eecdd78859af0,3,3
data/raw/yaseen/audio/MR_New_3주기/New_MR_024.wav,New_MR_024.wav,MR,New_MR_024,8000,15337,1.917,91edce4e11461ec8f7b00dc58bbe75ee,1,3
data/raw/yaseen/audio/MR_New_3주기/New_MR_025.wav,New_MR_025.wav,MR,New_MR_025,8000,15873,1.984,d5e2e4048172d1e40c6f238e65d52cf0,3,3
data/raw/yaseen/audio/MR_New_3주기/New_MR_026.wav,New_MR_026.wav,MR,New_MR_026,8000,17433,2.179,da92e5309b12a1bce05e17fbd81c07c1,3,3
data/raw/yaseen/audio/MR_New_3주기/New_MR_027.wav,New_MR_027.wav,MR,New_MR_027,8000,17560,2.195,af9bd7492d62dbc2fe71fdd67a070b82,0,3
data/raw/yaseen/audio/MR_New_3주기/New_MR_028.wav,New_MR_028.wav,MR,New_MR_028,8000,17653,2.207,efa34eea0e54f746d78eeb3eed6ad5f2,3,3
data/raw/yaseen/audio/MR_New_3주기/New_MR_029.wav,New_MR_029.wav,MR,New_MR_029,8000,17592,2.199,82659c09c0e66f2faa1103de7413736c,3,3
data/raw/yaseen/audio/MR_New_3주기/New_MR_030.wav,New_MR_030.wav,MR,New_MR_030,8000,17954,2.244,bfd8c398cd499423967b893702f2c184,1,3
data/raw/yaseen/audio/MR_New_3주기/New_MR_031.wav,New_MR_031.wav,MR,New_MR_031,8000,17459,2.182,e7413cc8dee4e209b448a397f0012a88,4,3
data/raw/yaseen/audio/MR_New_3주기/New_MR_032.wav,New_MR_032.wav,MR,New_MR_032,8000,17954,2.244,670572a62ec9c69b316916abecedae0b,4,3
data/raw/yaseen/audio/MR_New_3주기/New_MR_033.wav,New_MR_033.wav,MR,New_MR_033,8000,17444,2.18,a3288e19aabe2a25d2419bfe86f02df4,1,3
data/raw/yaseen/audio/MR_New_3주기/New_MR_034.wav,New_MR_034.wav,MR,New_MR_034,8000,18388,2.299,4a730f2888eb1d4d5a4768aecc756c44,3,3
data/raw/yaseen/audio/MR_New_3주기/New_MR_035.wav,New_MR_035.wav,MR,New_MR_035,8000,18453,2.307,3146abe753917191c9686c37768e719c,2,3
data/raw/yaseen/audio/MR_New_3주기/New_MR_036.wav,New_MR_036.wav,MR,New_MR_036,8000,18427,2.303,939e7499f232963f342f966979db00d7,1,3
data/raw/yaseen/audio/MR_New_3주기/New_MR_037.wav,New_MR_037.wav,MR,New_MR_037,8000,16124,2.015,4ca596ead676f9b57450acb663cabf6a,4,3
data/raw/yaseen/audio/MR_New_3주기/New_MR_038.wav,New_MR_038.wav,MR,New_MR_038,8000,19083,2.385,99511180eba91350f09580fe6400eb1c,3,3
data/raw/yaseen/audio/MR_New_3주기/New_MR_039.wav,New_MR_039.wav,MR,New_MR_039,8000,18168,2.271,d1e41f7489f4c1c3c169d883ec359b3e,3,3
data/raw/yaseen/audio/MR_New_3주기/New_MR_040.wav,New_MR_040.wav,MR,New_MR_040,8000,18986,2.373,5a1db236ba2051860a183bda94276962,4,3
data/raw/yaseen/audio/MR_New_3주기/New_MR_041.wav,New_MR_041.wav,MR,New_MR_041,8000,19462,2.433,7bff43f00451abdd90df72fee0ea25aa,3,3
data/raw/yaseen/audio/MR_New_3주기/New_MR_042.wav,New_MR_042.wav,MR,New_MR_042,8000,19112,2.389,0528da5f06134cc47105c822a6e125db,1,3
data/raw/yaseen/audio/MR_New_3주기/New_MR_043.wav,New_MR_043.wav,MR,New_MR_043,8000,19521,2.44,9fed23688005dadc3a520c8dbefd9ec6,2,3
data/raw/yaseen/audio/MR_New_3주기/New_MR_044.wav,New_MR_044.wav,MR,New_MR_044,8000,19443,2.43,a4a71dd7ec6159349ccf8af811830a69,3,3
data/raw/yaseen/audio/MR_New_3주기/New_MR_045.wav,New_MR_045.wav,MR,New_MR_045,8000,19444,2.43,e9216949de859e96343412d93b60f9a7,4,3
data/raw/yaseen/audio/MR_New_3주기/New_MR_046.wav,New_MR_046.wav,MR,New_MR_046,8000,18965,2.371,36ec1763ee895db61e67a40ce7562a81,4,3
data/raw/yaseen/audio/MR_New_3주기/New_MR_047.wav,New_MR_047.wav,MR,New_MR_047,8000,19236,2.405,62f76f206b0ec7a5f2952a00921431e0,1,3
data/raw/yaseen/audio/MR_New_3주기/New_MR_048.wav,New_MR_048.wav,MR,New_MR_048,8000,19288,2.411,75f48fcf1d9696c2b32c9d2138ad419b,1,3
data/raw/yaseen/audio/MR_New_3주기/New_MR_049.wav,New_MR_049.wav,MR,New_MR_049,8000,19356,2.42,64dc9e882975d0f9a4924669ba6e5744,0,3
data/raw/yaseen/audio/MR_New_3주기/New_MR_050.wav,New_MR_050.wav,MR,New_MR_050,8000,18856,2.357,cf5e7d847fe00a5add481968e33cba53,2,3
data/raw/yaseen/audio/MR_New_3주기/New_MR_051.wav,New_MR_051.wav,MR,New_MR_051,8000,18856,2.357,daa2dee6d2f53706a01f770551b45c77,2,3
data/raw/yaseen/audio/MR_New_3주기/New_MR_052.wav,New_MR_052.wav,MR,New_MR_052,8000,17671,2.209,b36d04c10d6fcce4b98edcacbfbf91b5,4,3
data/raw/yaseen/audio/MR_New_3주기/New_MR_053.wav,New_MR_053.wav,MR,New_MR_053,8000,17483,2.185,abc30d43be0ec2b65e4e3c951525818e,1,3
data/raw/yaseen/audio/MR_New_3주기/New_MR_054.wav,New_MR_054.wav,MR,New_MR_054,8000,17834,2.229,aed96a1356bdd51f0af7334337bc87e6,3,3
data/raw/yaseen/audio/MR_New_3주기/New_MR_055.wav,New_MR_055.wav,MR,New_MR_055,8000,17398,2.175,7a497d435df833a2bcf4d1602209452e,4,3
data/raw/yaseen/audio/MR_New_3주기/New_MR_056.wav,New_MR_056.wav,MR,New_MR_056,8000,17813,2.227,7b436e161c314e5acf350318385b18f4,2,3
data/raw/yaseen/audio/MR_New_3주기/New_MR_057.wav,New_MR_057.wav,MR,New_MR_057,8000,17505,2.188,2c58f9a2ed1cdac047c9080936032b34,1,3
data/raw/yaseen/audio/MR_New_3주기/New_MR_058.wav,New_MR_058.wav,MR,New_MR_058,8000,17798,2.225,39791e2c556ff21d8f79fcfe0cdc0eb6,3,3
data/raw/yaseen/audio/MR_New_3주기/New_MR_059.wav,New_MR_059.wav,MR,New_MR_059,8000,17358,2.17,e8779e3adb3984f255665fb2efc0e3b2,1,3
data/raw/yaseen/audio/MR_New_3주기/New_MR_060.wav,New_MR_060.wav,MR,New_MR_060,8000,17576,2.197,c2b63adaa7bed3d0fe2ab5cfde3e7097,0,3
data/raw/yaseen/audio/MR_New_3주기/New_MR_061.wav,New_MR_061.wav,MR,New_MR_061,8000,17638,2.205,a83e69587dc376d42079389939487773,2,3
data/raw/yaseen/audio/MR_New_3주기/New_MR_062.wav,New_MR_062.wav,MR,New_MR_062,8000,17601,2.2,d0e0c1660618553096669fcc8a9ffaa7,0,3
data/raw/yaseen/audio/MR_New_3주기/New_MR_063.wav,New_MR_063.wav,MR,New_MR_063,8000,17915,2.239,46ffa192ecce81b5394b0deb8e4e3e33,3,3
data/raw/yaseen/audio/MR_New_3주기/New_MR_064.wav,New_MR_064.wav,MR,New_MR_064,8000,17806,2.226,04f78c78a69f64dc4109305ae59806d2,3,3
data/raw/yaseen/audio/MR_New_3주기/New_MR_065.wav,New_MR_065.wav,MR,New_MR_065,8000,17365,2.171,858a7f89c4b4523475e5313dd8467b19,4,3
data/raw/yaseen/audio/MR_New_3주기/New_MR_066.wav,New_MR_066.wav,MR,New_MR_066,8000,17656,2.207,0af93241311b9137ca3e99782823b756,3,3
data/raw/yaseen/audio/MR_New_3주기/New_MR_067.wav,New_MR_067.wav,MR,New_MR_067,8000,17843,2.23,91b391a4643d23fcf73f5cbc19c3fc20,0,3
data/raw/yaseen/audio/MR_New_3주기/New_MR_068.wav,New_MR_068.wav,MR,New_MR_068,8000,17861,2.233,02cf46d76a951bc10213ebd3ea7b6956,0,3
data/raw/yaseen/audio/MR_New_3주기/New_MR_069.wav,New_MR_069.wav,MR,New_MR_069,8000,17421,2.178,6ef97368f5345c2be01f586e40abe0fd,4,3
data/raw/yaseen/audio/MR_New_3주기/New_MR_070.wav,New_MR_070.wav,MR,New_MR_070,8000,17749,2.219,401276ece5abec55e16cc1392172f413,0,3
data/raw/yaseen/audio/MR_New_3주기/New_MR_071.wav,New_MR_071.wav,MR,New_MR_071,8000,17813,2.227,ed19744a083c18a6c65d80e337413bda,4,3
data/raw/yaseen/audio/MR_New_3주기/New_MR_072.wav,New_MR_072.wav,MR,New_MR_072,8000,17700,2.212,b4b54eb0385fa902292a5a386738edaa,3,3
data/raw/yaseen/audio/MR_New_3주기/New_MR_073.wav,New_MR_073.wav,MR,New_MR_073,8000,17762,2.22,76e8cd293cdecdc79d57bffb739e9419,4,3
data/raw/yaseen/audio/MR_New_3주기/New_MR_074.wav,New_MR_074.wav,MR,New_MR_074,8000,17344,2.168,817a31d13590c859846c8a6ed20804c2,0,3
data/raw/yaseen/audio/MR_New_3주기/New_MR_075.wav,New_MR_075.wav,MR,New_MR_075,8000,18030,2.254,08a56b1fdad9c578e0d27c0e5af5178e,3,3
data/raw/yaseen/audio/MR_New_3주기/New_MR_076.wav,New_MR_076.wav,MR,New_MR_076,8000,17570,2.196,5f62fce66cdcf37da86a387a6a43b128,3,3
data/raw/yaseen/audio/MR_New_3주기/New_MR_077.wav,New_MR_077.wav,MR,New_MR_077,8000,17762,2.22,897804cbd8d030f3b167cb4e69d3926b,0,3
data/raw/yaseen/audio/MR_New_3주기/New_MR_078.wav,New_MR_078.wav,MR,New_MR_078,8000,17834,2.229,d6e92cb150ee0601018b5c90a8dc376d,0,3
data/raw/yaseen/audio/MR_New_3주기/New_MR_079.wav,New_MR_079.wav,MR,New_MR_079,8000,17460,2.183,bdf1a804ff569138ae2f73a21eb01503,1,3
data/raw/yaseen/audio/MR_New_3주기/New_MR_080.wav,New_MR_080.wav,MR,New_MR_080,8000,17234,2.154,a8ed6c2cd437ef8ebea7f76eba9dc41c,3,3
data/raw/yaseen/audio/MR_New_3주기/New_MR_081.wav,New_MR_081.wav,MR,New_MR_081,8000,17282,2.16,8cd1ec852b71a73358751c296cb09f72,0,3
data/raw/yaseen/audio/MR_New_3주기/New_MR_082.wav,New_MR_082.wav,MR,New_MR_082,8000,18509,2.314,135dec443bdf3873571b337342195f13,3,3
data/raw/yaseen/audio/MR_New_3주기/New_MR_083.wav,New_MR_083.wav,MR,New_MR_083,8000,17990,2.249,27a4e4a3be8557dafba7859b3f70d57d,1,3
data/raw/yaseen/audio/MR_New_3주기/New_MR_084.wav,New_MR_084.wav,MR,New_MR_084,8000,18528,2.316,0b0173f21dfb70a4fa79517cd278295d,4,3
data/raw/yaseen/audio/MR_New_3주기/New_MR_085.wav,New_MR_085.wav,MR,New_MR_085,8000,18622,2.328,13cf6f6fe5f5f4efd459044f8cfd6100,0,3
data/raw/yaseen/audio/MR_New_3주기/New_MR_086.wav,New_MR_086.wav,MR,New_MR_086,8000,18487,2.311,9a2257eebe914905fa29d454d6fb9f31,4,3
data/raw/yaseen/audio/MR_New_3주기/New_MR_087.wav,New_MR_087.wav,MR,New_MR_087,8000,18611,2.326,f76352a87964d1434b9a155d24b7dc25,0,3
data/raw/yaseen/audio/MR_New_3주기/New_MR_088.wav,New_MR_088.wav,MR,New_MR_088,8000,24277,3.035,168cb05b933d51b38acf5d26747e93cb,0,3
data/raw/yaseen/audio/MR_New_3주기/New_MR_089.wav,New_MR_089.wav,MR,New_MR_089,8000,23514,2.939,0ab9c6f51ffd87f1c061e47e21159438,0,3
data/raw/yaseen/audio/MR_New_3주기/New_MR_090.wav,New_MR_090.wav,MR,New_MR_090,8000,23938,2.992,75b9b8be08937bd25a9492ae6346771f,2,3
data/raw/yaseen/audio/MR_New_3주기/New_MR_091.wav,New_MR_091.wav,MR,New_MR_091,8000,23514,2.939,3c5c86db77814da05cedcac02b6d7b9d,0,3
data/raw/yaseen/audio/MR_New_3주기/New_MR_092.wav,New_MR_092.wav,MR,New_MR_092,8000,23915,2.989,20cc89afd56f7e3bb04b757ab118986d,4,3
data/raw/yaseen/audio/MR_New_3주기/New_MR_093.wav,New_MR_093.wav,MR,New_MR_093,8000,23495,2.937,c50c01116c3883058f1c502a489e1696,3,3
data/raw/yaseen/audio/MR_New_3주기/New_MR_094.wav,New_MR_094.wav,MR,New_MR_094,8000,24045,3.006,31f76a87b0c11e8c18d08cb49eb8e45d,2,3
data/raw/yaseen/audio/MR_New_3주기/New_MR_095.wav,New_MR_095.wav,MR,New_MR_095,8000,23539,2.942,faf095aefdf0eba73ead2a1838366ccb,3,3
data/raw/yaseen/audio/MR_New_3주기/New_MR_096.wav,New_MR_096.wav,MR,New_MR_096,8000,23940,2.993,e4cbdbdc4a04e1f466c3118962b48c9d,2,3
data/raw/yaseen/audio/MR_New_3주기/New_MR_097.wav,New_MR_097.wav,MR,New_MR_097,8000,23688,2.961,59ecffbde47cdddaee4f1c0ac60f4113,4,3
data/raw/yaseen/audio/MR_New_3주기/New_MR_098.wav,New_MR_098.wav,MR,New_MR_098,8000,24025,3.003,c2ed26a3dbf90a4416894e183632d92e,0,3
data/raw/yaseen/audio/MR_New_3주기/New_MR_099.wav,New_MR_099.wav,MR,New_MR_099,8000,23689,2.961,e8e161b98397a51f6696fb781f480e39,1,3
data/raw/yaseen/audio/MR_New_3주기/New_MR_100.wav,New_MR_100.wav,MR,New_MR_100,8000,24064,3.008,eec70b3b1cafe85e05c0ace6ba859566,0,3
data/raw/yaseen/audio/MR_New_3주기/New_MR_101.wav,New_MR_101.wav,MR,New_MR_101,8000,23725,2.966,6cfab57d939afbbc11966c10d295d87a,2,3
data/raw/yaseen/audio/MR_New_3주기/New_MR_102.wav,New_MR_102.wav,MR,New_MR_102,8000,17746,2.218,727aceee8f9929634cb0d1fee745fdf3,4,3
data/raw/yaseen/audio/MR_New_3주기/New_MR_103.wav,New_MR_103.wav,MR,New_MR_103,8000,17746,2.218,4e8fd8b201d36b505925d9358441b61f,2,3
data/raw/yaseen/audio/MR_New_3주기/New_MR_104.wav,New_MR_104.wav,MR,New_MR_104,8000,17811,2.226,6e6282b488589910da780aaedee7377d,4,3
data/raw/yaseen/audio/MR_New_3주기/New_MR_105.wav,New_MR_105.wav,MR,New_MR_105,8000,17685,2.211,73258741ddd55abbb1ac84847088fb0c,4,3
data/raw/yaseen/audio/MR_New_3주기/New_MR_106.wav,New_MR_106.wav,MR,New_MR_106,8000,17614,2.202,76cd561b73b40b2c8405f33297c18f4b,3,3
data/raw/yaseen/audio/MR_New_3주기/New_MR_107.wav,New_MR_107.wav,MR,New_MR_107,8000,17743,2.218,f739ac96da4b0d079c2b4522bae5255b,0,3
data/raw/yaseen/audio/MR_New_3주기/New_MR_108.wav,New_MR_108.wav,MR,New_MR_108,8000,17683,2.21,a3f6120ce4123c1a537e1b7ee4b366d3,0,3
data/raw/yaseen/audio/MR_New_3주기/New_MR_109.wav,New_MR_109.wav,MR,New_MR_109,8000,17556,2.195,bf8856deaedf80194f882ab6d8381e46,3,3
data/raw/yaseen/audio/MR_New_3주기/New_MR_110.wav,New_MR_110.wav,MR,New_MR_110,8000,17624,2.203,cdc014c5f510f0db5ac368eaf0656477,3,3
data/raw/yaseen/audio/MR_New_3주기/New_MR_111.wav,New_MR_111.wav,MR,New_MR_111,8000,17811,2.226,6fb5226f1b9408928808eea39bae74db,2,3
data/raw/yaseen/audio/MR_New_3주기/New_MR_112.wav,New_MR_112.wav,MR,New_MR_112,8000,17811,2.226,d6086b1433796f2c4e59a66eed21d819,3,3
data/raw/yaseen/audio/MR_New_3주기/New_MR_113.wav,New_MR_113.wav,MR,New_MR_113,8000,17685,2.211,5de656c6aea7a56059fed2f6b23f093f,4,3
data/raw/yaseen/audio/MR_New_3주기/New_MR_114.wav,New_MR_114.wav,MR,New_MR_114,8000,17870,2.234,efdd88e6c69aa7f36cbfd9df9ca26a50,1,3
data/raw/yaseen/audio/MR_New_3주기/New_MR_115.wav,New_MR_115.wav,MR,New_MR_115,8000,17366,2.171,f50d99b67165da4b625fc689c1be0a9b,2,3
data/raw/yaseen/audio/MR_New_3주기/New_MR_116.wav,New_MR_116.wav,MR,New_MR_116,8000,17789,2.224,4f2870f5d66ca81a995d4311e2fc2ae4,1,3
data/raw/yaseen/audio/MR_New_3주기/New_MR_117.wav,New_MR_117.wav,MR,New_MR_117,8000,17391,2.174,4ad551a9497addde977a33736dd59d11,0,3
data/raw/yaseen/audio/MR_New_3주기/New_MR_118.wav,New_MR_118.wav,MR,New_MR_118,8000,17897,2.237,9e84db9a90a8df03a7c07db853d470e2,2,3
data/raw/yaseen/audio/MR_New_3주기/New_MR_119.wav,New_MR_119.wav,MR,New_MR_119,8000,17772,2.221,ef8bf2079de47d966f8f74dc579044da,4,3
data/raw/yaseen/audio/MR_New_3주기/New_MR_120.wav,New_MR_120.wav,MR,New_MR_120,8000,17724,2.216,6bade09bc172ca03ef7c36a30a06988e,4,3
data/raw/yaseen/audio/MR_New_3주기/New_MR_121.wav,New_MR_121.wav,MR,New_MR_121,8000,17724,2.216,ec44577a9c46923dea8e7f7dd336234e,4,3
data/raw/yaseen/audio/MR_New_3주기/New_MR_122.wav,New_MR_122.wav,MR,New_MR_122,8000,17742,2.218,893e82cc95f3549e5ea62e39180010c2,0,3
data/raw/yaseen/audio/MR_New_3주기/New_MR_123.wav,New_MR_123.wav,MR,New_MR_123,8000,17680,2.21,2714ae19ec15a249e14793ced3ac0443,0,3
data/raw/yaseen/audio/MR_New_3주기/New_MR_124.wav,New_MR_124.wav,MR,New_MR_124,8000,17336,2.167,3e7d9188578852055d0794b36fad4e30,2,3
data/raw/yaseen/audio/MR_New_3주기/New_MR_125.wav,New_MR_125.wav,MR,New_MR_125,8000,17523,2.19,6c3522d346f11b77bb025d81529e22f3,1,3
data/raw/yaseen/audio/MR_New_3주기/New_MR_126.wav,New_MR_126.wav,MR,New_MR_126,8000,17763,2.22,d28563b90ef5a4a57c18dd4f287bd493,4,3
data/raw/yaseen/audio/MR_New_3주기/New_MR_127.wav,New_MR_127.wav,MR,New_MR_127,8000,17262,2.158,aada3e7c9d0a23cd21a95262c49345ca,2,3
data/raw/yaseen/audio/MR_New_3주기/New_MR_128.wav,New_MR_128.wav,MR,New_MR_128,8000,17904,2.238,fc9d8bd727a06f4b2c8534582a9ebb1c,2,3
data/raw/yaseen/audio/MR_New_3주기/New_MR_129.wav,New_MR_129.wav,MR,New_MR_129,8000,17345,2.168,5cfe6bb7796fb85f0fed6eb692dc4a80,3,3
data/raw/yaseen/audio/MR_New_3주기/New_MR_130.wav,New_MR_130.wav,MR,New_MR_130,8000,17707,2.213,309d7c8f0128589e30fa8093c5aca76f,0,3
data/raw/yaseen/audio/MR_New_3주기/New_MR_131.wav,New_MR_131.wav,MR,New_MR_131,8000,17518,2.19,18fa96b7e472256497d0a6defae5f00b,3,3
data/raw/yaseen/audio/MR_New_3주기/New_MR_132.wav,New_MR_132.wav,MR,New_MR_132,8000,17949,2.244,3103778ae69048e9b9315b7b16005366,4,3
data/raw/yaseen/audio/MR_New_3주기/New_MR_133.wav,New_MR_133.wav,MR,New_MR_133,8000,17392,2.174,05afe0faa36bd395261928b97d988896,2,3
data/raw/yaseen/audio/MR_New_3주기/New_MR_134.wav,New_MR_134.wav,MR,New_MR_134,8000,17934,2.242,66349811e2f5d7da2c052a0b5d981d37,1,3
data/raw/yaseen/audio/MR_New_3주기/New_MR_135.wav,New_MR_135.wav,MR,New_MR_135,8000,17258,2.157,8e2e5b95ea2b7f9a95530af7d3042f70,1,3
data/raw/yaseen/audio/MR_New_3주기/New_MR_136.wav,New_MR_136.wav,MR,New_MR_136,8000,17995,2.249,6e1035666e9e98b593d0e0f2a3f3b600,2,3
data/raw/yaseen/audio/MR_New_3주기/New_MR_137.wav,New_MR_137.wav,MR,New_MR_137,8000,17366,2.171,3e4c5b1291d871afe0d238df1e039a7b,4,3
data/raw/yaseen/audio/MR_New_3주기/New_MR_138.wav,New_MR_138.wav,MR,New_MR_138,8000,17760,2.22,42ba980028b4112e56fd2b74bb6278f0,1,3
data/raw/yaseen/audio/MR_New_3주기/New_MR_139.wav,New_MR_139.wav,MR,New_MR_139,8000,16527,2.066,374508fa62c6dafdf1564f40a3aef6d7,2,3
data/raw/yaseen/audio/MR_New_3주기/New_MR_140.wav,New_MR_140.wav,MR,New_MR_140,8000,17923,2.24,0f7c33434735329e87540ab4a02e3a7f,1,3
data/raw/yaseen/audio/MR_New_3주기/New_MR_141.wav,New_MR_141.wav,MR,New_MR_141,8000,17798,2.225,e5ce9e79a2996c091490872dd8fe6f30,4,3
data/raw/yaseen/audio/MR_New_3주기/New_MR_142.wav,New_MR_142.wav,MR,New_MR_142,8000,17751,2.219,b3127c6f2b49b44b5598718b8d889c62,3,3
data/raw/yaseen/audio/MR_New_3주기/New_MR_143.wav,New_MR_143.wav,MR,New_MR_143,8000,17499,2.187,94cbf0a5ee89a4a040d4f6cf2938c20a,1,3
data/raw/yaseen/audio/MR_New_3주기/New_MR_144.wav,New_MR_144.wav,MR,New_MR_144,8000,17884,2.236,9d4100f66cf09c33367c3083fda6492d,0,3
data/raw/yaseen/audio/MR_New_3주기/New_MR_145.wav,New_MR_145.wav,MR,New_MR_145,8000,17575,2.197,f3dced8d08666460d7e5c56507148a48,2,3
data/raw/yaseen/audio/MR_New_3주기/New_MR_146.wav,New_MR_146.wav,MR,New_MR_146,8000,17655,2.207,c8ded80eb77d7e7edacd5bc87f611dd5,2,3
data/raw/yaseen/audio/MR_New_3주기/New_MR_147.wav,New_MR_147.wav,MR,New_MR_147,8000,17656,2.207,b5fdf1b36b22a158561c0474819e2b77,0,3
data/raw/yaseen/audio/MR_New_3주기/New_MR_148.wav,New_MR_148.wav,MR,New_MR_148,8000,17706,2.213,f2845c3c5182458ec129fb01d5ec00eb,0,3
data/raw/yaseen/audio/MR_New_3주기/New_MR_149.wav,New_MR_149.wav,MR,New_MR_149,8000,17835,2.229,eeee3b4f449c6fb11b60cbc6853232dd,2,3
data/raw/yaseen/audio/MR_New_3주기/New_MR_150.wav,New_MR_150.wav,MR,New_MR_150,8000,17966,2.246,41d776c3e6810d407cd4117e4c9708d0,1,3
data/raw/yaseen/audio/MR_New_3주기/New_MR_151.wav,New_MR_151.wav,MR,New_MR_151,8000,17531,2.191,de69d4210666b4e22dbdd149f2aa23e4,1,3
data/raw/yaseen/audio/MR_New_3주기/New_MR_152.wav,New_MR_152.wav,MR,New_MR_152,8000,17617,2.202,ba372b75e772ada1de6b74afa746bda2,1,3
data/raw/yaseen/audio/MR_New_3주기/New_MR_153.wav,New_MR_153.wav,MR,New_MR_153,8000,17869,2.234,0ae9b7c1a9f19be5993dc0e961129bab,0,3
data/raw/yaseen/audio/MR_New_3주기/New_MR_154.wav,New_MR_154.wav,MR,New_MR_154,8000,17446,2.181,859a9412ba307b3db49f30809821c15c,1,3
data/raw/yaseen/audio/MR_New_3주기/New_MR_155.wav,New_MR_155.wav,MR,New_MR_155,8000,17828,2.228,72d7328e4e8e6c0f9a75a76aa5ac1519,2,3
data/raw/yaseen/audio/MR_New_3주기/New_MR_156.wav,New_MR_156.wav,MR,New_MR_156,8000,17956,2.244,54c076ec898e67c0c693b527609c5a5a,1,3
data/raw/yaseen/audio/MR_New_3주기/New_MR_157.wav,New_MR_157.wav,MR,New_MR_157,8000,17213,2.152,2cc2541dd0b7f770f4515d8a3714ef05,1,3
data/raw/yaseen/audio/MR_New_3주기/New_MR_158.wav,New_MR_158.wav,MR,New_MR_158,8000,17541,2.193,bcb3befb9e6493a6799e164458222472,4,3
data/raw/yaseen/audio/MR_New_3주기/New_MR_159.wav,New_MR_159.wav,MR,New_MR_159,8000,16735,2.092,6122bfb2b710de17b05e795f6f2a30dc,2,3
data/raw/yaseen/audio/MR_New_3주기/New_MR_160.wav,New_MR_160.wav,MR,New_MR_160,8000,17711,2.214,d8ad05779f53c35c7bc9b98bab9aebee,4,3
data/raw/yaseen/audio/MR_New_3주기/New_MR_161.wav,New_MR_161.wav,MR,New_MR_161,8000,17584,2.198,e7d3578c2531c4f9e4e41a243f4d421a,3,3
data/raw/yaseen/audio/MR_New_3주기/New_MR_162.wav,New_MR_162.wav,MR,New_MR_162,8000,17586,2.198,1e4132a118ddef4fd53d27d7f937342d,4,3
data/raw/yaseen/audio/MR_New_3주기/New_MR_163.wav,New_MR_163.wav,MR,New_MR_163,8000,17773,2.222,4cd3621477ccf015e7779c99d7e28a75,1,3
data/raw/yaseen/audio/MR_New_3주기/New_MR_164.wav,New_MR_164.wav,MR,New_MR_164,8000,17925,2.241,82c9714e1879f4eda2f6e9338c8d1666,3,3
data/raw/yaseen/audio/MR_New_3주기/New_MR_165.wav,New_MR_165.wav,MR,New_MR_165,8000,18182,2.273,54686e7246ae5a8abd128c727fc8708b,3,3
data/raw/yaseen/audio/MR_New_3주기/New_MR_166.wav,New_MR_166.wav,MR,New_MR_166,8000,17763,2.22,cef5318e7e57fba1f27e55e4c8286030,0,3
data/raw/yaseen/audio/MR_New_3주기/New_MR_167.wav,New_MR_167.wav,MR,New_MR_167,8000,17089,2.136,53dbcd68ac2ba0a4207945fefa5dcb7b,3,3
data/raw/yaseen/audio/MR_New_3주기/New_MR_168.wav,New_MR_168.wav,MR,New_MR_168,8000,17709,2.214,e3224778e2be8dc273652dad17035cba,3,3
data/raw/yaseen/audio/MR_New_3주기/New_MR_169.wav,New_MR_169.wav,MR,New_MR_169,8000,16965,2.121,9ad05743236f80276c844c8e99bc9746,2,3
data/raw/yaseen/audio/MR_New_3주기/New_MR_170.wav,New_MR_170.wav,MR,New_MR_170,8000,17422,2.178,77db3e7cdbccdb3c2f408eece2b36531,2,3
data/raw/yaseen/audio/MR_New_3주기/New_MR_171.wav,New_MR_171.wav,MR,New_MR_171,8000,17420,2.178,33526fbd04441b868b1356b5d52cae95,1,3
data/raw/yaseen/audio/MR_New_3주기/New_MR_172.wav,New_MR_172.wav,MR,New_MR_172,8000,17832,2.229,f8f556df9d8b3a95837e6cbbcc7231de,2,3
data/raw/yaseen/audio/MR_New_3주기/New_MR_173.wav,New_MR_173.wav,MR,New_MR_173,8000,17832,2.229,4f084a4581916eadcef1c0b6879216eb,3,3
data/raw/yaseen/audio/MR_New_3주기/New_MR_174.wav,New_MR_174.wav,MR,New_MR_174,8000,17554,2.194,db3d5c9f8428dd795a62e07b8668dfbc,3,3
data/raw/yaseen/audio/MR_New_3주기/New_MR_175.wav,New_MR_175.wav,MR,New_MR_175,8000,17617,2.202,2a65ce5d7b66a8b7a674a1c3467a077f,4,3
data/raw/yaseen/audio/MR_New_3주기/New_MR_176.wav,New_MR_176.wav,MR,New_MR_176,8000,17584,2.198,ea99cec023d8ce7aeae4565fe89c84a4,0,3
data/raw/yaseen/audio/MR_New_3주기/New_MR_177.wav,New_MR_177.wav,MR,New_MR_177,8000,17023,2.128,b25dd227de7b9cc7d5d0d6930286592d,1,3
data/raw/yaseen/audio/MR_New_3주기/New_MR_178.wav,New_MR_178.wav,MR,New_MR_178,8000,17675,2.209,61981358688e644ec83bd93cffae1b68,4,3
data/raw/yaseen/audio/MR_New_3주기/New_MR_179.wav,New_MR_179.wav,MR,New_MR_179,8000,17305,2.163,239399151247cc0c9bd6b7e31fa89ffe,1,3
data/raw/yaseen/audio/MR_New_3주기/New_MR_180.wav,New_MR_180.wav,MR,New_MR_180,8000,17617,2.202,8f1b22d777d9ae8ef74820a0c0b1fa96,1,3
data/raw/yaseen/audio/MR_New_3주기/New_MR_181.wav,New_MR_181.wav,MR,New_MR_181,8000,17368,2.171,d3022273b9d4a3b0c8932c889a6085b9,1,3
data/raw/yaseen/audio/MR_New_3주기/New_MR_182.wav,New_MR_182.wav,MR,New_MR_182,8000,17868,2.233,10fa9d6e924e900240620e7bdcf8d512,4,3
data/raw/yaseen/audio/MR_New_3주기/New_MR_183.wav,New_MR_183.wav,MR,New_MR_183,8000,17548,2.193,fdbbbdf8a705c1a7fd8311820fa85c3a,2,3
data/raw/yaseen/audio/MR_New_3주기/New_MR_184.wav,New_MR_184.wav,MR,New_MR_184,8000,17774,2.222,e60dc8647b08754fd7ee7034d0c59702,0,3
data/raw/yaseen/audio/MR_New_3주기/New_MR_185.wav,New_MR_185.wav,MR,New_MR_185,8000,17585,2.198,ba0043eee653297c2d2f1db635604fe1,2,3
data/raw/yaseen/audio/MR_New_3주기/New_MR_186.wav,New_MR_186.wav,MR,New_MR_186,8000,20405,2.551,9cf05b53cde948536a59e22b329d9807,3,3
data/raw/yaseen/audio/MR_New_3주기/New_MR_187.wav,New_MR_187.wav,MR,New_MR_187,8000,20190,2.524,db187aec1f5e9de036275a863bd711ff,0,3
data/raw/yaseen/audio/MR_New_3주기/New_MR_188.wav,New_MR_188.wav,MR,New_MR_188,8000,20369,2.546,da80bf3e13fd996de995e7b1a8146e4f,2,3
data/raw/yaseen/audio/MR_New_3주기/New_MR_189.wav,New_MR_189.wav,MR,New_MR_189,8000,19731,2.466,e15efa486f169916d0c17113f95831f8,4,3
data/raw/yaseen/audio/MR_New_3주기/New_MR_190.wav,New_MR_190.wav,MR,New_MR_190,8000,20261,2.533,e91d6acf7d94f63d6327d1152a9b0926,1,3
data/raw/yaseen/audio/MR_New_3주기/New_MR_191.wav,New_MR_191.wav,MR,New_MR_191,8000,20119,2.515,4cea50727bceff9c51b74327f00fbda2,4,3
data/raw/yaseen/audio/MR_New_3주기/New_MR_192.wav,New_MR_192.wav,MR,New_MR_192,8000,20286,2.536,a5a537d76d2e1834a502931edf77e0d4,0,3
data/raw/yaseen/audio/MR_New_3주기/New_MR_193.wav,New_MR_193.wav,MR,New_MR_193,8000,20001,2.5,2022ab9c9cdb1c1af1a5a68047ce3ba9,2,3
data/raw/yaseen/audio/MR_New_3주기/New_MR_194.wav,New_MR_194.wav,MR,New_MR_194,8000,17933,2.242,8cd14917fa72cd630f1525621f0360d0,2,3
data/raw/yaseen/audio/MR_New_3주기/New_MR_195.wav,New_MR_195.wav,MR,New_MR_195,8000,17801,2.225,e9e6a22f7304c0b2f9470aeec8678bad,4,3
data/raw/yaseen/audio/MR_New_3주기/New_MR_196.wav,New_MR_196.wav,MR,New_MR_196,8000,17779,2.222,7933d2efdc9aca205526686c3d6fc4e8,1,3
data/raw/yaseen/audio/MR_New_3주기/New_MR_197.wav,New_MR_197.wav,MR,New_MR_197,8000,17589,2.199,4a027e347a9cde3213c7c144bbeed8e1,1,3
data/raw/yaseen/audio/MR_New_3주기/New_MR_198.wav,New_MR_198.wav,MR,New_MR_198,8000,18076,2.26,84e0648199412fa51d2aff967b2a1715,2,3
data/raw/yaseen/audio/MR_New_3주기/New_MR_199.wav,New_MR_199.wav,MR,New_MR_199,8000,17757,2.22,a32ddf181a37fa915a0ab39313b4b0ba,4,3
data/raw/yaseen/audio/MR_New_3주기/New_MR_200.wav,New_MR_200.wav,MR,New_MR_200,8000,18076,2.26,585f88bef8e43601a9ea77a21f8780dd,4,3
data/raw/yaseen/audio/MS_New_3주기/New_MS_001.wav,New_MS_001.wav,MS,New_MS_001,8000,23626,2.953,1390da613b5417135f6692a7224fd3f4,2,2
data/raw/yaseen/audio/MS_New_3주기/New_MS_002.wav,New_MS_002.wav,MS,New_MS_002,8000,23050,2.881,8af2d57fe6a992fe651d38a1d683e656,0,2
data/raw/yaseen/audio/MS_New_3주기/New_MS_003.wav,New_MS_003.wav,MS,New_MS_003,8000,23576,2.947,b6e7e3a0d8bf5615c07402f20e99399f,4,2
data/raw/yaseen/audio/MS_New_3주기/New_MS_004.wav,New_MS_004.wav,MS,New_MS_004,8000,22757,2.845,0a3d9d98dfff6ed8c3d0835518f46b23,4,2
data/raw/yaseen/audio/MS_New_3주기/New_MS_005.wav,New_MS_005.wav,MS,New_MS_005,8000,9635,1.204,29244b2490027e8af2d88976a32cf4bd,4,2
data/raw/yaseen/audio/MS_New_3주기/New_MS_006.wav,New_MS_006.wav,MS,New_MS_006,8000,9245,1.156,20177219b09ec7d275f4079d73bdf02d,4,2
data/raw/yaseen/audio/MS_New_3주기/New_MS_007.wav,New_MS_007.wav,MS,New_MS_007,8000,10182,1.273,d699753ff7b28900553111ca2395af12,0,2
data/raw/yaseen/audio/MS_New_3주기/New_MS_008.wav,New_MS_008.wav,MS,New_MS_008,8000,9650,1.206,85affc2b9d24d83f434098f9c0a37c7c,4,2
data/raw/yaseen/audio/MS_New_3주기/New_MS_009.wav,New_MS_009.wav,MS,New_MS_009,8000,10529,1.316,71d21dc068f2b7a7947c2ed88f4cd854,0,2
data/raw/yaseen/audio/MS_New_3주기/New_MS_010.wav,New_MS_010.wav,MS,New_MS_010,8000,10312,1.289,179025b932e234ad1f0f9d354afdd9b9,4,2
data/raw/yaseen/audio/MS_New_3주기/New_MS_011.wav,New_MS_011.wav,MS,New_MS_011,8000,11721,1.465,decf7839f078c2141b3c48496c405210,1,2
data/raw/yaseen/audio/MS_New_3주기/New_MS_012.wav,New_MS_012.wav,MS,New_MS_012,8000,10746,1.343,1969e0f8dd6afb54aa17f2a1637859db,2,2
data/raw/yaseen/audio/MS_New_3주기/New_MS_013.wav,New_MS_013.wav,MS,New_MS_013,8000,9577,1.197,36c9f81f5627194e142f391afe2622c3,0,2
data/raw/yaseen/audio/MS_New_3주기/New_MS_014.wav,New_MS_014.wav,MS,New_MS_014,8000,9713,1.214,ec2d4c3d2b21719fa84869baea45e9fb,3,2
data/raw/yaseen/audio/MS_New_3주기/New_MS_015.wav,New_MS_015.wav,MS,New_MS_015,8000,23211,2.901,567ed6a15e566de93d69fe61fa5016e2,0,2
data/raw/yaseen/audio/MS_New_3주기/New_MS_016.wav,New_MS_016.wav,MS,New_MS_016,8000,25611,3.201,3b58545d4fef788b56d97a03ce58027e,1,2
data/raw/yaseen/audio/MS_New_3주기/New_MS_017.wav,New_MS_017.wav,MS,New_MS_017,8000,18185,2.273,660a0faf180f88ebf93fa739c0a570db,3,2
data/raw/yaseen/audio/MS_New_3주기/New_MS_018.wav,New_MS_018.wav,MS,New_MS_018,8000,18033,2.254,8069d5c8547371126998dcf912a53735,1,2
data/raw/yaseen/audio/MS_New_3주기/New_MS_019.wav,New_MS_019.wav,MS,New_MS_019,8000,18274,2.284,aacfe12a4f9c6d079019075c00c15e6c,0,2
data/raw/yaseen/audio/MS_New_3주기/New_MS_020.wav,New_MS_020.wav,MS,New_MS_020,8000,18172,2.272,ea5aa4b7a80e70e4fd022a96fe53530a,1,2
data/raw/yaseen/audio/MS_New_3주기/New_MS_021.wav,New_MS_021.wav,MS,New_MS_021,8000,16630,2.079,0787e7b47f27eede0b031cc2dcb12a83,3,2
data/raw/yaseen/audio/MS_New_3주기/New_MS_022.wav,New_MS_022.wav,MS,New_MS_022,8000,16148,2.018,53198fd8e8a48a3051597ea796c98a20,3,2
data/raw/yaseen/audio/MS_New_3주기/New_MS_023.wav,New_MS_023.wav,MS,New_MS_023,8000,16620,2.078,0b4f2c5468b6676598104411f2282638,2,2
data/raw/yaseen/audio/MS_New_3주기/New_MS_024.wav,New_MS_024.wav,MS,New_MS_024,8000,16343,2.043,2a6cecd93414d72147bb043029db7ff3,2,2
data/raw/yaseen/audio/MS_New_3주기/New_MS_025.wav,New_MS_025.wav,MS,New_MS_025,8000,16285,2.036,91cc6cce84ccf77d07e839e6de3fbae8,1,2
data/raw/yaseen/audio/MS_New_3주기/New_MS_026.wav,New_MS_026.wav,MS,New_MS_026,8000,16263,2.033,2fd201040c87e242176f8fd6644df793,4,2
data/raw/yaseen/audio/MS_New_3주기/New_MS_027.wav,New_MS_027.wav,MS,New_MS_027,8000,16724,2.091,6734643f538a18bd8703a3f6b6623fa3,3,2
data/raw/yaseen/audio/MS_New_3주기/New_MS_028.wav,New_MS_028.wav,MS,New_MS_028,8000,16724,2.091,711b09b1e7d3d5ecf974c259c465f265,3,2
data/raw/yaseen/audio/MS_New_3주기/New_MS_029.wav,New_MS_029.wav,MS,New_MS_029,8000,16480,2.06,32051ab820e487c668c4340aa698aa1c,0,2
data/raw/yaseen/audio/MS_New_3주기/New_MS_030.wav,New_MS_030.wav,MS,New_MS_030,8000,15978,1.997,bfcc951656ec14e25b447868dd64e478,3,2
data/raw/yaseen/audio/MS_New_3주기/New_MS_031.wav,New_MS_031.wav,MS,New_MS_031,8000,16759,2.095,8a9ab450934f52d6050cb00295769b88,4,2
data/raw/yaseen/audio/MS_New_3주기/New_MS_032.wav,New_MS_032.wav,MS,New_MS_032,8000,16389,2.049,93016a13510d52f2985ec5bd4a0564e0,2,2
data/raw/yaseen/audio/MS_New_3주기/New_MS_033.wav,New_MS_033.wav,MS,New_MS_033,8000,16547,2.068,65e09dbaeac8c936feb8e167f736fac9,3,2
data/raw/yaseen/audio/MS_New_3주기/New_MS_034.wav,New_MS_034.wav,MS,New_MS_034,8000,16137,2.017,9f88f8d1adeedb993b43afc2cb56b748,2,2
data/raw/yaseen/audio/MS_New_3주기/New_MS_035.wav,New_MS_035.wav,MS,New_MS_035,8000,16724,2.091,e6856c14a01a0bb57765c4aa31c9fa52,0,2
data/raw/yaseen/audio/MS_New_3주기/New_MS_036.wav,New_MS_036.wav,MS,New_MS_036,8000,16585,2.073,271bc2ac99d29c7dfe208abfd2631adc,4,2
data/raw/yaseen/audio/MS_New_3주기/New_MS_037.wav,New_MS_037.wav,MS,New_MS_037,8000,16550,2.069,62f3c54b471671a4ef1be19b342e7df9,3,2
data/raw/yaseen/audio/MS_New_3주기/New_MS_038.wav,New_MS_038.wav,MS,New_MS_038,8000,16366,2.046,4ebfca79767e59e781c6d31cf5b0c2d5,0,2
data/raw/yaseen/audio/MS_New_3주기/New_MS_039.wav,New_MS_039.wav,MS,New_MS_039,8000,16662,2.083,f278872b217122dae175ff49438cb88e,4,2
data/raw/yaseen/audio/MS_New_3주기/New_MS_040.wav,New_MS_040.wav,MS,New_MS_040,8000,15795,1.974,6a3c3063acd178403165b8cf134cff49,0,2
data/raw/yaseen/audio/MS_New_3주기/New_MS_041.wav,New_MS_041.wav,MS,New_MS_041,8000,16458,2.057,36a1c6ac5024eb5854b4bdde975e274d,3,2
data/raw/yaseen/audio/MS_New_3주기/New_MS_042.wav,New_MS_042.wav,MS,New_MS_042,8000,16343,2.043,26f81f42147175bbe29a19e9f935ef91,4,2
data/raw/yaseen/audio/MS_New_3주기/New_MS_043.wav,New_MS_043.wav,MS,New_MS_043,8000,16597,2.075,dc2f446330f756013d229a28d302ac6d,3,2
data/raw/yaseen/audio/MS_New_3주기/New_MS_044.wav,New_MS_044.wav,MS,New_MS_044,8000,16089,2.011,d31bd69e00ba580cf1bc72c2f9af3343,4,2
data/raw/yaseen/audio/MS_New_3주기/New_MS_045.wav,New_MS_045.wav,MS,New_MS_045,8000,16607,2.076,96e5aa97dc536b3419c41f2320409718,2,2
data/raw/yaseen/audio/MS_New_3주기/New_MS_046.wav,New_MS_046.wav,MS,New_MS_046,8000,16355,2.044,8e029b75dfb9bd1e93c719e6b775c6ae,3,2
data/raw/yaseen/audio/MS_New_3주기/New_MS_047.wav,New_MS_047.wav,MS,New_MS_047,8000,16515,2.064,955f26904b97581643a131a451f13513,2,2
data/raw/yaseen/audio/MS_New_3주기/New_MS_048.wav,New_MS_048.wav,MS,New_MS_048,8000,16283,2.035,df075cef8945aa696934fed208ffc818,2,2
data/raw/yaseen/audio/MS_New_3주기/New_MS_049.wav,New_MS_049.wav,MS,New_MS_049,8000,18180,2.272,9cf0b2ad5e933bfcfbaea20c533549a1,1,2
data/raw/yaseen/audio/MS_New_3주기/New_MS_050.wav,New_MS_050.wav,MS,New_MS_050,8000,18053,2.257,3a124e5bae27da138c95096fde572c37,0,2
data/raw/yaseen/audio/MS_New_3주기/New_MS_051.wav,New_MS_051.wav,MS,New_MS_051,8000,18200,2.275,a2989f94e09fd89fcba1608cdaa70d4d,2,2
data/raw/yaseen/audio/MS_New_3주기/New_MS_052.wav,New_MS_052.wav,MS,New_MS_052,8000,18121,2.265,59cd69c796c3ef3b9eb534f028a195d4,3,2
data/raw/yaseen/audio/MS_New_3주기/New_MS_053.wav,New_MS_053.wav,MS,New_MS_053,8000,19212,2.401,8f42e044669ca82b4c55c6829f689051,0,2
data/raw/yaseen/audio/MS_New_3주기/New_MS_054.wav,New_MS_054.wav,MS,New_MS_054,8000,19403,2.425,42956e20360ee377e51ded79f7e7b7f4,4,2
data/raw/yaseen/audio/MS_New_3주기/New_MS_055.wav,New_MS_055.wav,MS,New_MS_055,8000,19205,2.401,719192c366be0b35b22f96852f4b4710,0,2
data/raw/yaseen/audio/MS_New_3주기/New_MS_056.wav,New_MS_056.wav,MS,New_MS_056,8000,19232,2.404,2943a5e24b4c2759f4397549a9f99b55,3,2
data/raw/yaseen/audio/MS_New_3주기/New_MS_057.wav,New_MS_057.wav,MS,New_MS_057,8000,19135,2.392,8b6353732847c8d1e71deada12263464,4,2
data/raw/yaseen/audio/MS_New_3주기/New_MS_058.wav,New_MS_058.wav,MS,New_MS_058,8000,18839,2.355,f943cc0d03630a9b832dc453859c2884,1,2
data/raw/yaseen/audio/MS_New_3주기/New_MS_059.wav,New_MS_059.wav,MS,New_MS_059,8000,16702,2.088,ff8b74c9d0e4f41e5a7d7f276df72066,1,2
data/raw/yaseen/audio/MS_New_3주기/New_MS_060.wav,New_MS_060.wav,MS,New_MS_060,8000,16631,2.079,31d40bb20aad2a36c22771886c3517ab,1,2
data/raw/yaseen/audio/MS_New_3주기/New_MS_061.wav,New_MS_061.wav,MS,New_MS_061,8000,16658,2.082,468ea30ef6961aa56f882f68faff0b18,0,2
data/raw/yaseen/audio/MS_New_3주기/New_MS_062.wav,New_MS_062.wav,MS,New_MS_062,8000,16473,2.059,8082e67b2da518e7907cd0fbebf7c6a9,0,2
data/raw/yaseen/audio/MS_New_3주기/New_MS_063.wav,New_MS_063.wav,MS,New_MS_063,8000,16566,2.071,ec4272e4de3210183bbf960d1aec0fd6,1,2
data/raw/yaseen/audio/MS_New_3주기/New_MS_064.wav,New_MS_064.wav,MS,New_MS_064,8000,16403,2.05,7962e5142f183eb6f2edb45d4f373ebf,0,2
data/raw/yaseen/audio/MS_New_3주기/New_MS_065.wav,New_MS_065.wav,MS,New_MS_065,8000,16473,2.059,d870163afac5bbd1c6bdc418ab44eb7b,3,2
data/raw/yaseen/audio/MS_New_3주기/New_MS_066.wav,New_MS_066.wav,MS,New_MS_066,8000,16589,2.074,6dbb4dcc455d005dc1714bafd642425f,3,2
data/raw/yaseen/audio/MS_New_3주기/New_MS_067.wav,New_MS_067.wav,MS,New_MS_067,8000,16726,2.091,fa9ec83abd5eda54857fc9f88fde54b1,2,2
data/raw/yaseen/audio/MS_New_3주기/New_MS_068.wav,New_MS_068.wav,MS,New_MS_068,8000,16106,2.013,f53d3ae15d94af6562458c254951d52e,2,2
data/raw/yaseen/audio/MS_New_3주기/New_MS_069.wav,New_MS_069.wav,MS,New_MS_069,8000,16434,2.054,23a82820cfe7559eeb01066390d4f887,2,2
data/raw/yaseen/audio/MS_New_3주기/New_MS_070.wav,New_MS_070.wav,MS,New_MS_070,8000,16411,2.051,195c3f970021184bfa19d8ccfa223137,1,2
data/raw/yaseen/audio/MS_New_3주기/New_MS_071.wav,New_MS_071.wav,MS,New_MS_071,8000,16638,2.08,72f2ef2fcf2eb699a3af2ca41236332a,1,2
data/raw/yaseen/audio/MS_New_3주기/New_MS_072.wav,New_MS_072.wav,MS,New_MS_072,8000,16615,2.077,f7038089903a87eb048218c50547dbb9,1,2
data/raw/yaseen/audio/MS_New_3주기/New_MS_073.wav,New_MS_073.wav,MS,New_MS_073,8000,16435,2.054,e05219fb5e57fa2e5957455d202fa613,4,2
data/raw/yaseen/audio/MS_New_3주기/New_MS_074.wav,New_MS_074.wav,MS,New_MS_074,8000,16389,2.049,88aef7729f4a07ab03030ad583fc97e5,3,2
data/raw/yaseen/audio/MS_New_3주기/New_MS_075.wav,New_MS_075.wav,MS,New_MS_075,8000,16628,2.079,6672a551893d80c2c666d6bb8fff1350,3,2
data/raw/yaseen/audio/MS_New_3주기/New_MS_076.wav,New_MS_076.wav,MS,New_MS_076,8000,16513,2.064,b216b458dd5f03b84758f7fdc6865012,4,2
data/raw/yaseen/audio/MS_New_3주기/New_MS_077.wav,New_MS_077.wav,MS,New_MS_077,8000,16490,2.061,a6f3f99de9e183830989e095c7b08c84,0,2
data/raw/yaseen/audio/MS_New_3주기/New_MS_078.wav,New_MS_078.wav,MS,New_MS_078,8000,16398,2.05,c2fdf779a788ff6780e2e8d5fe08b69a,4,2
data/raw/yaseen/audio/MS_New_3주기/New_MS_079.wav,New_MS_079.wav,MS,New_MS_079,8000,16911,2.114,7537dead86e993a44e4bb01dcaf553f5,3,2
data/raw/yaseen/audio/MS_New_3주기/New_MS_080.wav,New_MS_080.wav,MS,New_MS_080,8000,16654,2.082,0d23ab13e6e62c0aa7a7638835b6aae4,4,2
data/raw/yaseen/audio/MS_New_3주기/New_MS_081.wav,New_MS_081.wav,MS,New_MS_081,8000,16447,2.056,afc059193a8004cac1c38fb994f067fb,0,2
data/raw/yaseen/audio/MS_New_3주기/New_MS_082.wav,New_MS_082.wav,MS,New_MS_082,8000,16402,2.05,25dc7c097fa11095169d7e073c4293c9,0,2
data/raw/yaseen/audio/MS_New_3주기/New_MS_083.wav,New_MS_083.wav,MS,New_MS_083,8000,16669,2.084,a6030b873a8f8e66d9442ed1d306969b,1,2
data/raw/yaseen/audio/MS_New_3주기/New_MS_084.wav,New_MS_084.wav,MS,New_MS_084,8000,16623,2.078,ea5052954bbec268ca55720f52cf3f57,1,2
data/raw/yaseen/audio/MS_New_3주기/New_MS_085.wav,New_MS_085.wav,MS,New_MS_085,8000,16582,2.073,8b7b43e2b107a8e60497b93e045693cb,3,2
data/raw/yaseen/audio/MS_New_3주기/New_MS_086.wav,New_MS_086.wav,MS,New_MS_086,8000,16421,2.053,3fd27cd6864c891bb72f1ac4dfeba47f,3,2
data/raw/yaseen/audio/MS_New_3주기/New_MS_087.wav,New_MS_087.wav,MS,New_MS_087,8000,23666,2.958,d2e37cc29b17317e82ebfa8e84c89c68,0,2
data/raw/yaseen/audio/MS_New_3주기/New_MS_088.wav,New_MS_088.wav,MS,New_MS_088,8000,23288,2.911,87eed2e9a4bd002777b20ee2320709d7,3,2
data/raw/yaseen/audio/MS_New_3주기/New_MS_089.wav,New_MS_089.wav,MS,New_MS_089,8000,25379,3.172,7c0749fb9d2e74f595c3d5c8e20b6304,1,2
data/raw/yaseen/audio/MS_New_3주기/New_MS_090.wav,New_MS_090.wav,MS,New_MS_090,8000,19313,2.414,8200b3e5b7b75b4e439d4aac7bb77b90,4,2
data/raw/yaseen/audio/MS_New_3주기/New_MS_091.wav,New_MS_091.wav,MS,New_MS_091,8000,19394,2.424,f8e56da8126301c930bb26d4832a96e7,2,2
data/raw/yaseen/audio/MS_New_3주기/New_MS_092.wav,New_MS_092.wav,MS,New_MS_092,8000,19475,2.434,81f7899e08c8f380c2d81228a908ed08,1,2
data/raw/yaseen/audio/MS_New_3주기/New_MS_093.wav,New_MS_093.wav,MS,New_MS_093,8000,19448,2.431,8af78bc69ab52dbae6e4425f0eb368df,0,2
data/raw/yaseen/audio/MS_New_3주기/New_MS_094.wav,New_MS_094.wav,MS,New_MS_094,8000,19595,2.449,be3df8a6084327c0c240e2d78f792664,3,2
data/raw/yaseen/audio/MS_New_3주기/New_MS_095.wav,New_MS_095.wav,MS,New_MS_095,8000,19432,2.429,bea4212da6e14e76eb57b83de78b6ed6,4,2
data/raw/yaseen/audio/MS_New_3주기/New_MS_096.wav,New_MS_096.wav,MS,New_MS_096,8000,19418,2.427,b1aef04249be5193e0aa3a91f5689f77,1,2
data/raw/yaseen/audio/MS_New_3주기/New_MS_097.wav,New_MS_097.wav,MS,New_MS_097,8000,19201,2.4,f3481d7ecccc014277d62efd3da6e948,3,2
data/raw/yaseen/audio/MS_New_3주기/New_MS_098.wav,New_MS_098.wav,MS,New_MS_098,8000,19564,2.446,9129f253539a84145dea9c2ba2e42f3a,2,2
data/raw/yaseen/audio/MS_New_3주기/New_MS_099.wav,New_MS_099.wav,MS,New_MS_099,8000,19482,2.435,1a043bd118913ada6fc0c1b0914c878f,4,2
data/raw/yaseen/audio/MS_New_3주기/New_MS_100.wav,New_MS_100.wav,MS,New_MS_100,8000,19475,2.434,6a6642bd6293537f3feebb77a6dcc4fa,0,2
data/raw/yaseen/audio/MS_New_3주기/New_MS_101.wav,New_MS_101.wav,MS,New_MS_101,8000,19419,2.427,2c3ff341d5eec17c9978987490aa27ec,3,2
data/raw/yaseen/audio/MS_New_3주기/New_MS_102.wav,New_MS_102.wav,MS,New_MS_102,8000,19393,2.424,b54054c6e1199e3a81c55c4a52a9d37f,4,2
data/raw/yaseen/audio/MS_New_3주기/New_MS_103.wav,New_MS_103.wav,MS,New_MS_103,8000,19366,2.421,ba84adfc381ad6cc85d42f3e94a9903f,0,2
data/raw/yaseen/audio/MS_New_3주기/New_MS_104.wav,New_MS_104.wav,MS,New_MS_104,8000,19480,2.435,f937497772dde37dbcd6fd1d6e53396b,0,2
data/raw/yaseen/audio/MS_New_3주기/New_MS_105.wav,New_MS_105.wav,MS,New_MS_105,8000,19130,2.391,163738ddbf7a3c6ca278bed3ffafe3fa,2,2
data/raw/yaseen/audio/MS_New_3주기/New_MS_106.wav,New_MS_106.wav,MS,New_MS_106,8000,19346,2.418,3eed3e1b2d18d41b789c27808aa3bb87,2,2
data/raw/yaseen/audio/MS_New_3주기/New_MS_107.wav,New_MS_107.wav,MS,New_MS_107,8000,19077,2.385,5ba068e4e50f4c4bca4f4f974f8d534f,2,2
data/raw/yaseen/audio/MS_New_3주기/New_MS_108.wav,New_MS_108.wav,MS,New_MS_108,8000,19411,2.426,85bf448ed9d1621ffb61b403dfcba026,3,2
data/raw/yaseen/audio/MS_New_3주기/New_MS_109.wav,New_MS_109.wav,MS,New_MS_109,8000,19356,2.42,125d833f96e4cff6c3a996d5c4289226,4,2
data/raw/yaseen/audio/MS_New_3주기/New_MS_110.wav,New_MS_110.wav,MS,New_MS_110,8000,19729,2.466,c4a6f6bf1eaa29db6d657f637bbc4efb,3,2
data/raw/yaseen/audio/MS_New_3주기/New_MS_111.wav,New_MS_111.wav,MS,New_MS_111,8000,19646,2.456,ffa3c65e9e542ca34c07a04c44a1cc5f,2,2
data/raw/yaseen/audio/MS_New_3주기/New_MS_112.wav,New_MS_112.wav,MS,New_MS_112,8000,19501,2.438,bf92bdbf8b5c9e77af7b37a9cbc82412,2,2
data/raw/yaseen/audio/MS_New_3주기/New_MS_113.wav,New_MS_113.wav,MS,New_MS_113,8000,19583,2.448,6411a9658d0c65b8c3a2121f0a9540d6,1,2
data/raw/yaseen/audio/MS_New_3주기/New_MS_114.wav,New_MS_114.wav,MS,New_MS_114,8000,19362,2.42,a83f53434d161ddf1760e7527c361ecd,4,2
data/raw/yaseen/audio/MS_New_3주기/New_MS_115.wav,New_MS_115.wav,MS,New_MS_115,8000,19201,2.4,fb9b80bc7c8e0cbc076a3c9f47eb2e41,2,2
data/raw/yaseen/audio/MS_New_3주기/New_MS_116.wav,New_MS_116.wav,MS,New_MS_116,8000,19546,2.443,082d70e8b46b0a5689a11cdf5d70f00f,4,2
data/raw/yaseen/audio/MS_New_3주기/New_MS_117.wav,New_MS_117.wav,MS,New_MS_117,8000,19903,2.488,55c990ef180340698c651ae6b14da16d,1,2
data/raw/yaseen/audio/MS_New_3주기/New_MS_118.wav,New_MS_118.wav,MS,New_MS_118,8000,24910,3.114,29d3e8de22981b8bb1ae70a3d8c1e75c,0,2
data/raw/yaseen/audio/MS_New_3주기/New_MS_119.wav,New_MS_119.wav,MS,New_MS_119,8000,16294,2.037,04e09ffefcbac09b03730aca042522b5,2,2
data/raw/yaseen/audio/MS_New_3주기/New_MS_120.wav,New_MS_120.wav,MS,New_MS_120,8000,16000,2.0,053d2a72e3050f997493e38f50094d72,3,2
data/raw/yaseen/audio/MS_New_3주기/New_MS_121.wav,New_MS_121.wav,MS,New_MS_121,8000,16980,2.123,9620fddcf360680430e222a521f92217,4,2
data/raw/yaseen/audio/MS_New_3주기/New_MS_122.wav,New_MS_122.wav,MS,New_MS_122,8000,16060,2.007,b76e225f610f4d88fbdc8f06398a665d,1,2
data/raw/yaseen/audio/MS_New_3주기/New_MS_123.wav,New_MS_123.wav,MS,New_MS_123,8000,16934,2.117,2492a5812634e5aa94b30e9633c3404e,1,2
data/raw/yaseen/audio/MS_New_3주기/New_MS_124.wav,New_MS_124.wav,MS,New_MS_124,8000,15806,1.976,c9d9851a7678a970b947b28d74091536,4,2
data/raw/yaseen/audio/MS_New_3주기/New_MS_125.wav,New_MS_125.wav,MS,New_MS_125,8000,24709,3.089,6f302e87a19668d0395e8cc199e125e4,2,2
data/raw/yaseen/audio/MS_New_3주기/New_MS_126.wav,New_MS_126.wav,MS,New_MS_126,8000,23797,2.975,f51142366c125b18cb87680dc7032fd3,4,2
data/raw/yaseen/audio/MS_New_3주기/New_MS_127.wav,New_MS_127.wav,MS,New_MS_127,8000,24540,3.067,39701512ebddc1e282f54d6a71711eff,0,2
data/raw/yaseen/audio/MS_New_3주기/New_MS_128.wav,New_MS_128.wav,MS,New_MS_128,8000,23257,2.907,5fa55680f97fd9721fb5e9ed8483ad6f,0,2
data/raw/yaseen/audio/MS_New_3주기/New_MS_129.wav,New_MS_129.wav,MS,New_MS_129,8000,23928,2.991,0b2636a21d37633c076c75689c3d05f3,1,2
data/raw/yaseen/audio/MS_New_3주기/New_MS_130.wav,New_MS_130.wav,MS,New_MS_130,8000,22717,2.84,a4bcf5a9944d126fb56351768b7d78ac,3,2
data/raw/yaseen/audio/MS_New_3주기/New_MS_131.wav,New_MS_131.wav,MS,New_MS_131,8000,23824,2.978,cdb67869da266b54bb250521eadca928,1,2
data/raw/yaseen/audio/MS_New_3주기/New_MS_132.wav,New_MS_132.wav,MS,New_MS_132,8000,23003,2.875,02aa219d7e3128513492857881cc6e2c,2,2
data/raw/yaseen/audio/MS_New_3주기/New_MS_133.wav,New_MS_133.wav,MS,New_MS_133,8000,23886,2.986,772882204484c6beb36164be43b1c48e,2,2
data/raw/yaseen/audio/MS_New_3주기/New_MS_134.wav,New_MS_134.wav,MS,New_MS_134,8000,24056,3.007,8707d240db6bf048cc562fe594957391,2,2
data/raw/yaseen/audio/MS_New_3주기/New_MS_135.wav,New_MS_135.wav,MS,New_MS_135,8000,23824,2.978,0d934ebe2879b7c62c3f1c098b6f2d29,3,2
data/raw/yaseen/audio/MS_New_3주기/New_MS_136.wav,New_MS_136.wav,MS,New_MS_136,8000,22609,2.826,aa573d45d3ac0c28729b52cf88a682e5,4,2
data/raw/yaseen/audio/MS_New_3주기/New_MS_137.wav,New_MS_137.wav,MS,New_MS_137,8000,23968,2.996,d935b584b957d0ecb17f6978634900ee,1,2
data/raw/yaseen/audio/MS_New_3주기/New_MS_138.wav,New_MS_138.wav,MS,New_MS_138,8000,23124,2.89,d769f8b64899ddadbb134e8598ec9bcd,2,2
data/raw/yaseen/audio/MS_New_3주기/New_MS_139.wav,New_MS_139.wav,MS,New_MS_139,8000,23968,2.996,b1530864f2cfa44e427c84cba9356502,4,2
data/raw/yaseen/audio/MS_New_3주기/New_MS_140.wav,New_MS_140.wav,MS,New_MS_140,8000,23026,2.878,e0d6ddbabafce45da1d380161a911a6b,4,2
data/raw/yaseen/audio/MS_New_3주기/New_MS_141.wav,New_MS_141.wav,MS,New_MS_141,8000,23631,2.954,4b53eceb4e594e81c2dec1d54e973d55,1,2
data/raw/yaseen/audio/MS_New_3주기/New_MS_142.wav,New_MS_142.wav,MS,New_MS_142,8000,23362,2.92,dccde25fbfa71eb49f6944dad701f807,2,2
data/raw/yaseen/audio/MS_New_3주기/New_MS_143.wav,New_MS_143.wav,MS,New_MS_143,8000,23890,2.986,80a660256a878f30a5d0b5036200eb7f,2,2
data/raw/yaseen/audio/MS_New_3주기/New_MS_144.wav,New_MS_144.wav,MS,New_MS_144,8000,22707,2.838,1d7fbeb590b3e31d04239a57609cf850,3,2
data/raw/yaseen/audio/MS_New_3주기/New_MS_145.wav,New_MS_145.wav,MS,New_MS_145,8000,23945,2.993,22798a42348d1aad9bd0f4edc03328fc,3,2
data/raw/yaseen/audio/MS_New_3주기/New_MS_146.wav,New_MS_146.wav,MS,New_MS_146,8000,23777,2.972,4b6a615dc16e2229003a681d33001bf5,0,2
data/raw/yaseen/audio/MS_New_3주기/New_MS_147.wav,New_MS_147.wav,MS,New_MS_147,8000,24022,3.003,c892138825fa404f18dcfbff83c4eb85,1,2
data/raw/yaseen/audio/MS_New_3주기/New_MS_148.wav,New_MS_148.wav,MS,New_MS_148,8000,23036,2.88,615e13178f1ab86dedb7150f689c2955,4,2
data/raw/yaseen/audio/MS_New_3주기/New_MS_149.wav,New_MS_149.wav,MS,New_MS_149,8000,24021,3.003,034279a240cb6191273ece3951cff11b,2,2
data/raw/yaseen/audio/MS_New_3주기/New_MS_150.wav,New_MS_150.wav,MS,New_MS_150,8000,22509,2.814,69521a1a37b49ef40548f124d5d17204,1,2
data/raw/yaseen/audio/MS_New_3주기/New_MS_151.wav,New_MS_151.wav,MS,New_MS_151,8000,23852,2.982,07535144bdf9dce4feede8dd58b74535,1,2
data/raw/yaseen/audio/MS_New_3주기/New_MS_152.wav,New_MS_152.wav,MS,New_MS_152,8000,23289,2.911,4c9dcb7c08039604246e795287a3d22c,0,2
data/raw/yaseen/audio/MS_New_3주기/New_MS_153.wav,New_MS_153.wav,MS,New_MS_153,8000,24056,3.007,00039fa7a7ebfffcc073c737147502a6,1,2
data/raw/yaseen/audio/MS_New_3주기/New_MS_154.wav,New_MS_154.wav,MS,New_MS_154,8000,23751,2.969,6c126a12bbc108966c2a23fa9588be77,4,2
data/raw/yaseen/audio/MS_New_3주기/New_MS_155.wav,New_MS_155.wav,MS,New_MS_155,8000,24079,3.01,1894e2426bfd95be3d7bda7a880c8320,3,2
data/raw/yaseen/audio/MS_New_3주기/New_MS_156.wav,New_MS_156.wav,MS,New_MS_156,8000,23344,2.918,a9f98508fba2375594e4a63c69418a8a,1,2
data/raw/yaseen/audio/MS_New_3주기/New_MS_157.wav,New_MS_157.wav,MS,New_MS_157,8000,24084,3.01,610d335ebbd639b36cd54dece1eb6550,2,2
data/raw/yaseen/audio/MS_New_3주기/New_MS_158.wav,New_MS_158.wav,MS,New_MS_158,8000,23289,2.911,90fdf36e0b653fe712d39ba2f751bdbe,0,2
data/raw/yaseen/audio/MS_New_3주기/New_MS_159.wav,New_MS_159.wav,MS,New_MS_159,8000,24118,3.015,349993fe806eab9aaf5d370fb5072f31,0,2
data/raw/yaseen/audio/MS_New_3주기/New_MS_160.wav,New_MS_160.wav,MS,New_MS_160,8000,23058,2.882,95f6fcfbd4a65640bc8318092aaa2e9c,1,2
data/raw/yaseen/audio/MS_New_3주기/New_MS_161.wav,New_MS_161.wav,MS,New_MS_161,8000,23889,2.986,6ac50553f8ced3ecfdb944a325092bd8,1,2
data/raw/yaseen/audio/MS_New_3주기/New_MS_162.wav,New_MS_162.wav,MS,New_MS_162,8000,23134,2.892,72d830cf130dce3d2a22bec6d0abb38e,2,2
data/raw/yaseen/audio/MS_New_3주기/New_MS_163.wav,New_MS_163.wav,MS,New_MS_163,8000,24052,3.006,76cc87d164e58fbc6bb66a93745bdf1d,4,2
data/raw/yaseen/audio/MS_New_3주기/New_MS_164.wav,New_MS_164.wav,MS,New_MS_164,8000,23124,2.89,2f9a5bf9604ac7d7f8f19ed440daa61f,1,2
data/raw/yaseen/audio/MS_New_3주기/New_MS_165.wav,New_MS_165.wav,MS,New_MS_165,8000,23826,2.978,6a37562009e10195c804154b4334ff31,2,2
data/raw/yaseen/audio/MS_New_3주기/New_MS_166.wav,New_MS_166.wav,MS,New_MS_166,8000,22555,2.819,2e0f28c33c771a7d672d28e2e680f953,3,2
data/raw/yaseen/audio/MS_New_3주기/New_MS_167.wav,New_MS_167.wav,MS,New_MS_167,8000,23795,2.974,6537956cac0eba94365bf6c8113fa70f,2,2
data/raw/yaseen/audio/MS_New_3주기/New_MS_168.wav,New_MS_168.wav,MS,New_MS_168,8000,22684,2.836,2de4cc03eaec380a26432063443c7bad,3,2
data/raw/yaseen/audio/MS_New_3주기/New_MS_169.wav,New_MS_169.wav,MS,New_MS_169,8000,23301,2.913,15a9fde8e59051aa1c403eaa85757bda,4,2
data/raw/yaseen/audio/MS_New_3주기/New_MS_170.wav,New_MS_170.wav,MS,New_MS_170,8000,22604,2.825,d850d56e12a570400669dbe5b133d8d4,1,2
data/raw/yaseen/audio/MS_New_3주기/New_MS_171.wav,New_MS_171.wav,MS,New_MS_171,8000,22442,2.805,54f9ea758f935a401afdbd80b8d8e4d8,1,2
data/raw/yaseen/audio/MS_New_3주기/New_MS_172.wav,New_MS_172.wav,MS,New_MS_172,8000,19324,2.416,dc0502366d672b7a992e998fd953f2eb,2,2
data/raw/yaseen/audio/MS_New_3주기/New_MS_173.wav,New_MS_173.wav,MS,New_MS_173,8000,19110,2.389,8e5d915d5a566a3e5f92d7727096db37,3,2
data/raw/yaseen/audio/MS_New_3주기/New_MS_174.wav,New_MS_174.wav,MS,New_MS_174,8000,19295,2.412,13efa70456a9e49ab42f08d86a62113a,1,2
data/raw/yaseen/audio/MS_New_3주기/New_MS_175.wav,New_MS_175.wav,MS,New_MS_175,8000,19188,2.398,80a736e03789cb8476c16a628b513bfc,2,2
data/raw/yaseen/audio/MS_New_3주기/New_MS_176.wav,New_MS_176.wav,MS,New_MS_176,8000,19239,2.405,469cd52834ac7df51ca807f47e40844a,3,2
data/raw/yaseen/audio/MS_New_3주기/New_MS_177.wav,New_MS_177.wav,MS,New_MS_177,8000,19026,2.378,efb8e55f3a3b0f1d6b89e9694d9d065f,2,2
data/raw/yaseen/audio/MS_New_3주기/New_MS_178.wav,New_MS_178.wav,MS,New_MS_178,8000,19302,2.413,8219d9ee38e3652147e0784a6ea6c844,0,2
data/raw/yaseen/audio/MS_New_3주기/New_MS_179.wav,New_MS_179.wav,MS,New_MS_179,8000,19089,2.386,0b37c4d6d380c72c43ccf616400cbcc7,3,2
data/raw/yaseen/audio/MS_New_3주기/New_MS_180.wav,New_MS_180.wav,MS,New_MS_180,8000,17088,2.136,6553552f8e4d661730d911b11949a624,1,2
data/raw/yaseen/audio/MS_New_3주기/New_MS_181.wav,New_MS_181.wav,MS,New_MS_181,8000,16164,2.021,ce7e3201a43c384a4ead08ecc535987d,0,2
data/raw/yaseen/audio/MS_New_3주기/New_MS_182.wav,New_MS_182.wav,MS,New_MS_182,8000,16395,2.049,69cf09bd0de0c2a3e0aa62a9c2060e75,0,2
data/raw/yaseen/audio/MS_New_3주기/New_MS_183.wav,New_MS_183.wav,MS,New_MS_183,8000,16442,2.055,a2de0deeeebc6bf559e0998f16d3e965,2,2
data/raw/yaseen/audio/MS_New_3주기/New_MS_184.wav,New_MS_184.wav,MS,New_MS_184,8000,16710,2.089,cbbebb6468c73df16c4095d80c6d3e53,4,2
data/raw/yaseen/audio/MS_New_3주기/New_MS_185.wav,New_MS_185.wav,MS,New_MS_185,8000,16542,2.068,3b2adec3dcc94294741be393e88a1dad,2,2
data/raw/yaseen/audio/MS_New_3주기/New_MS_186.wav,New_MS_186.wav,MS,New_MS_186,8000,16580,2.072,2b214f3e99622b1995c2a875cc33abdc,3,2
data/raw/yaseen/audio/MS_New_3주기/New_MS_187.wav,New_MS_187.wav,MS,New_MS_187,8000,16140,2.018,1cdecc3a500eebf399e1feded7b7e216,0,2
data/raw/yaseen/audio/MS_New_3주기/New_MS_188.wav,New_MS_188.wav,MS,New_MS_188,8000,16765,2.096,1d900a9619da96569dfbdccfc6ff0eba,4,2
data/raw/yaseen/audio/MS_New_3주기/New_MS_189.wav,New_MS_189.wav,MS,New_MS_189,8000,16532,2.067,c4aa73b577b46d9d5465c048614bc51d,2,2
data/raw/yaseen/audio/MS_New_3주기/New_MS_190.wav,New_MS_190.wav,MS,New_MS_190,8000,16626,2.078,93daf9a4ef68dfce81d9e30e1a8feff9,0,2
data/raw/yaseen/audio/MS_New_3주기/New_MS_191.wav,New_MS_191.wav,MS,New_MS_191,8000,15983,1.998,2f3be153ee55913c02e4af4422cc8911,4,2
data/raw/yaseen/audio/MS_New_3주기/New_MS_192.wav,New_MS_192.wav,MS,New_MS_192,8000,16718,2.09,1749e1f6ed9f8e501ab35d9a89afb58d,0,2
data/raw/yaseen/audio/MS_New_3주기/New_MS_193.wav,New_MS_193.wav,MS,New_MS_193,8000,16121,2.015,170e4582828af3b5304ddccc19c100d1,1,2
data/raw/yaseen/audio/MS_New_3주기/New_MS_194.wav,New_MS_194.wav,MS,New_MS_194,8000,16147,2.018,7dc0c3c5ad7dc70566808df553564fe3,0,2
data/raw/yaseen/audio/MS_New_3주기/New_MS_195.wav,New_MS_195.wav,MS,New_MS_195,8000,16032,2.004,fa283bcf118a3efda9e75fac639f6c94,0,2
data/raw/yaseen/audio/MS_New_3주기/New_MS_196.wav,New_MS_196.wav,MS,New_MS_196,8000,16831,2.104,cde9f189fd509aa01530e875acc810ba,1,2
data/raw/yaseen/audio/MS_New_3주기/New_MS_197.wav,New_MS_197.wav,MS,New_MS_197,8000,16073,2.009,46190ff55dbb9944e2b227e62c8c9501,3,2
data/raw/yaseen/audio/MS_New_3주기/New_MS_198.wav,New_MS_198.wav,MS,New_MS_198,8000,16539,2.067,6557fffa2c793c1a01dacc7a8a08b723,4,2
data/raw/yaseen/audio/MS_New_3주기/New_MS_199.wav,New_MS_199.wav,MS,New_MS_199,8000,16481,2.06,efcca5865efff71531636cb07477d013,0,2
data/raw/yaseen/audio/MS_New_3주기/New_MS_200.wav,New_MS_200.wav,MS,New_MS_200,8000,16817,2.102,fc8903f1ab867f33642981bc1c16e0e2,4,2
data/raw/yaseen/audio/MVP_New_3주기/New_MVP_001.wav,New_MVP_001.wav,MVP,New_MVP_001,8000,22311,2.789,71c2c0498d0d8ca8d892ce41407a1278,3,4
data/raw/yaseen/audio/MVP_New_3주기/New_MVP_002.wav,New_MVP_002.wav,MVP,New_MVP_002,8000,31801,3.975,72c75ac255ea7c31ee02566171fe66e6,0,4
data/raw/yaseen/audio/MVP_New_3주기/New_MVP_003.wav,New_MVP_003.wav,MVP,New_MVP_003,8000,31943,3.993,896e6f75cf7350efc8dd3025849914b0,4,4
data/raw/yaseen/audio/MVP_New_3주기/New_MVP_004.wav,New_MVP_004.wav,MVP,New_MVP_004,8000,20464,2.558,a4d0f10828435176b62213834cf2e16d,4,4
data/raw/yaseen/audio/MVP_New_3주기/New_MVP_005.wav,New_MVP_005.wav,MVP,New_MVP_005,8000,20405,2.551,164c6c40ad284915dcab0fe6ff73c040,3,4
data/raw/yaseen/audio/MVP_New_3주기/New_MVP_006.wav,New_MVP_006.wav,MVP,New_MVP_006,8000,20465,2.558,789e7fb2c912646a87018ec513c1f921,3,4
data/raw/yaseen/audio/MVP_New_3주기/New_MVP_007.wav,New_MVP_007.wav,MVP,New_MVP_007,8000,20403,2.55,081c48b567420c86603949b91abbece5,3,4
data/raw/yaseen/audio/MVP_New_3주기/New_MVP_008.wav,New_MVP_008.wav,MVP,New_MVP_008,8000,20712,2.589,4c1c41a2581dbed0f84088e8e835c6b4,4,4
data/raw/yaseen/audio/MVP_New_3주기/New_MVP_009.wav,New_MVP_009.wav,MVP,New_MVP_009,8000,20401,2.55,5eae5482da0457b26aea45444a6534aa,0,4
data/raw/yaseen/audio/MVP_New_3주기/New_MVP_010.wav,New_MVP_010.wav,MVP,New_MVP_010,8000,20472,2.559,3f239ae36dc883ac12e1116aeb37251a,1,4
data/raw/yaseen/audio/MVP_New_3주기/New_MVP_011.wav,New_MVP_011.wav,MVP,New_MVP_011,8000,20377,2.547,57654cec10e168fbd0e3bb69d9129762,3,4
data/raw/yaseen/audio/MVP_New_3주기/New_MVP_012.wav,New_MVP_012.wav,MVP,New_MVP_012,8000,20674,2.584,d5c3822b98f50c111445159a03779ba9,2,4
data/raw/yaseen/audio/MVP_New_3주기/New_MVP_013.wav,New_MVP_013.wav,MVP,New_MVP_013,8000,20358,2.545,b7ffc2921e03dcecf6c1c8af1033e1df,4,4
data/raw/yaseen/audio/MVP_New_3주기/New_MVP_014.wav,New_MVP_014.wav,MVP,New_MVP_014,8000,20724,2.591,ba48e647a8fd0b584168f80a0baa4185,2,4
data/raw/yaseen/audio/MVP_New_3주기/New_MVP_015.wav,New_MVP_015.wav,MVP,New_MVP_015,8000,20452,2.557,70135af39b83394a337b3234eac74496,0,4
data/raw/yaseen/audio/MVP_New_3주기/New_MVP_016.wav,New_MVP_016.wav,MVP,New_MVP_016,8000,20645,2.581,18b3cd080befb7798d2d7e9b6a7463e7,4,4
data/raw/yaseen/audio/MVP_New_3주기/New_MVP_017.wav,New_MVP_017.wav,MVP,New_MVP_017,8000,20460,2.558,cd25d095f4efab69cf5c16284a4c425a,2,4
data/raw/yaseen/audio/MVP_New_3주기/New_MVP_018.wav,New_MVP_018.wav,MVP,New_MVP_018,8000,20437,2.555,b661ca8f17bfbf08b6a7287b1472dffe,1,4
data/raw/yaseen/audio/MVP_New_3주기/New_MVP_019.wav,New_MVP_019.wav,MVP,New_MVP_019,8000,20380,2.547,5dcb1359ab66fc6e42a070dc2b5edbac,1,4
data/raw/yaseen/audio/MVP_New_3주기/New_MVP_020.wav,New_MVP_020.wav,MVP,New_MVP_020,8000,20627,2.578,bc258a6289d97a17a2d3f55f75256ce1,3,4
data/raw/yaseen/audio/MVP_New_3주기/New_MVP_021.wav,New_MVP_021.wav,MVP,New_MVP_021,8000,20402,2.55,6e60391a3e1d3fe49317783c25dd3b1f,2,4
data/raw/yaseen/audio/MVP_New_3주기/New_MVP_022.wav,New_MVP_022.wav,MVP,New_MVP_022,8000,20411,2.551,2ba29b675988408f145d787237760c0c,4,4
data/raw/yaseen/audio/MVP_New_3주기/New_MVP_023.wav,New_MVP_023.wav,MVP,New_MVP_023,8000,20405,2.551,f45b492dd7473b63f6462f412bf2c8c3,4,4
data/raw/yaseen/audio/MVP_New_3주기/New_MVP_024.wav,New_MVP_024.wav,MVP,New_MVP_024,8000,20479,2.56,47fa0211dedd7d1a7e0d60ab95e6eb9e,0,4
data/raw/yaseen/audio/MVP_New_3주기/New_MVP_025.wav,New_MVP_025.wav,MVP,New_MVP_025,8000,20441,2.555,14f4f89c0db71e729ea7eb035e666a4f,4,4
data/raw/yaseen/audio/MVP_New_3주기/New_MVP_026.wav,New_MVP_026.wav,MVP,New_MVP_026,8000,20730,2.591,446e944b5dede10158f93492a981f8d5,4,4
data/raw/yaseen/audio/MVP_New_3주기/New_MVP_027.wav,New_MVP_027.wav,MVP,New_MVP_027,8000,20436,2.554,b7f9e73d255118de0e7bdc222a38d8a2,3,4
data/raw/yaseen/audio/MVP_New_3주기/New_MVP_028.wav,New_MVP_028.wav,MVP,New_MVP_028,8000,20500,2.562,131a8ea00b6aea47ff5cab355b52dc97,4,4
data/raw/yaseen/audio/MVP_New_3주기/New_MVP_029.wav,New_MVP_029.wav,MVP,New_MVP_029,8000,20400,2.55,da6ee3eb2d49d57c68c52bca9f11c7bd,2,4
data/raw/yaseen/audio/MVP_New_3주기/New_MVP_030.wav,New_MVP_030.wav,MVP,New_MVP_030,8000,21517,2.69,bf61898d378c4a62f60ab6016be81b74,1,4
data/raw/yaseen/audio/MVP_New_3주기/New_MVP_031.wav,New_MVP_031.wav,MVP,New_MVP_031,8000,21415,2.677,cde464e185c096935efa810e97cc98e1,1,4
data/raw/yaseen/audio/MVP_New_3주기/New_MVP_032.wav,New_MVP_032.wav,MVP,New_MVP_032,8000,21476,2.684,d54b1308b5742cca19db0bf0ce2da09e,1,4
data/raw/yaseen/audio/MVP_New_3주기/New_MVP_033.wav,New_MVP_033.wav,MVP,New_MVP_033,8000,21422,2.678,e242d4fbe6a00921032e3ac0265c3298,3,4
data/raw/yaseen/audio/MVP_New_3주기/New_MVP_034.wav,New_MVP_034.wav,MVP,New_MVP_034,8000,21611,2.701,04ef9d4b9d52679755c61e0f23fbea8f,1,4
data/raw/yaseen/audio/MVP_New_3주기/New_MVP_035.wav,New_MVP_035.wav,MVP,New_MVP_035,8000,21459,2.682,1a49629652840b280e709feebcfff70a,4,4
data/raw/yaseen/audio/MVP_New_3주기/New_MVP_036.wav,New_MVP_036.wav,MVP,New_MVP_036,8000,21447,2.681,e76a48dd4412cca82b77bb3527fa73df,2,4
data/raw/yaseen/audio/MVP_New_3주기/New_MVP_037.wav,New_MVP_037.wav,MVP,New_MVP_037,8000,21480,2.685,dcb8de791599c3729058dcf75d807671,1,4
data/raw/yaseen/audio/MVP_New_3주기/New_MVP_038.wav,New_MVP_038.wav,MVP,New_MVP_038,8000,21493,2.687,e5006bed3e7a2aa22e1857d904e2dd9d,3,4
data/raw/yaseen/audio/MVP_New_3주기/New_MVP_039.wav,New_MVP_039.wav,MVP,New_MVP_039,8000,21477,2.685,f4601d56897a39024430fd6cb2501b67,1,4
data/raw/yaseen/audio/MVP_New_3주기/New_MVP_040.wav,New_MVP_040.wav,MVP,New_MVP_040,8000,21578,2.697,e08a010a1f54d2410bc31f9fd2332152,1,4
data/raw/yaseen/audio/MVP_New_3주기/New_MVP_041.wav,New_MVP_041.wav,MVP,New_MVP_041,8000,21483,2.685,3c792382fdd29641ce5f12123478ed94,4,4
data/raw/yaseen/audio/MVP_New_3주기/New_MVP_042.wav,New_MVP_042.wav,MVP,New_MVP_042,8000,21587,2.698,5498542e5025be458a901378f837fc7f,4,4
data/raw/yaseen/audio/MVP_New_3주기/New_MVP_043.wav,New_MVP_043.wav,MVP,New_MVP_043,8000,21502,2.688,904efbe14085485526673cb10d13425e,3,4
data/raw/yaseen/audio/MVP_New_3주기/New_MVP_044.wav,New_MVP_044.wav,MVP,New_MVP_044,8000,21549,2.694,45ab38bb674e979a1432952791f0bffb,1,4
data/raw/yaseen/audio/MVP_New_3주기/New_MVP_045.wav,New_MVP_045.wav,MVP,New_MVP_045,8000,21439,2.68,c739c535401555c6237f3e2de1fdeb0d,0,4
data/raw/yaseen/audio/MVP_New_3주기/New_MVP_046.wav,New_MVP_046.wav,MVP,New_MVP_046,8000,22023,2.753,3c4ee8b5025685ace061c398da6b9597,0,4
data/raw/yaseen/audio/MVP_New_3주기/New_MVP_047.wav,New_MVP_047.wav,MVP,New_MVP_047,8000,21412,2.676,06e3241f809529897635ceeef1565d12,3,4
data/raw/yaseen/audio/MVP_New_3주기/New_MVP_048.wav,New_MVP_048.wav,MVP,New_MVP_048,8000,21584,2.698,3415656bbcea914533c0a424783c773b,4,4
data/raw/yaseen/audio/MVP_New_3주기/New_MVP_049.wav,New_MVP_049.wav,MVP,New_MVP_049,8000,21481,2.685,f8d1a8772e4bf9aa274943b21a0448f8,0,4
data/raw/yaseen/audio/MVP_New_3주기/New_MVP_050.wav,New_MVP_050.wav,MVP,New_MVP_050,8000,21650,2.706,01f7b5831718d11db914952d806219b8,0,4
data/raw/yaseen/audio/MVP_New_3주기/New_MVP_051.wav,New_MVP_051.wav,MVP,New_MVP_051,8000,21482,2.685,1b0a99d6da95162f9314cfc956a82a13,1,4
data/raw/yaseen/audio/MVP_New_3주기/New_MVP_052.wav,New_MVP_052.wav,MVP,New_MVP_052,8000,21437,2.68,ff64863d2d735ccf518dffc455948263,1,4
data/raw/yaseen/audio/MVP_New_3주기/New_MVP_053.wav,New_MVP_053.wav,MVP,New_MVP_053,8000,21467,2.683,c39b90200f65a2baffea2d425e85ee1b,0,4
data/raw/yaseen/audio/MVP_New_3주기/New_MVP_054.wav,New_MVP_054.wav,MVP,New_MVP_054,8000,21564,2.696,5c30a389718a6b9258812c6eccc1d2ae,1,4
data/raw/yaseen/audio/MVP_New_3주기/New_MVP_055.wav,New_MVP_055.wav,MVP,New_MVP_055,8000,21537,2.692,22aa48129fa782904381395f9fffb0ce,0,4
data/raw/yaseen/audio/MVP_New_3주기/New_MVP_056.wav,New_MVP_056.wav,MVP,New_MVP_056,8000,21446,2.681,787c84d7b1976e94720e56298273d9d7,1,4
data/raw/yaseen/audio/MVP_New_3주기/New_MVP_057.wav,New_MVP_057.wav,MVP,New_MVP_057,8000,21480,2.685,9971f2f019bd60008e653fdfbdb90537,3,4
data/raw/yaseen/audio/MVP_New_3주기/New_MVP_058.wav,New_MVP_058.wav,MVP,New_MVP_058,8000,21944,2.743,e013f303e25e656a627f5ab5e6a98005,3,4
data/raw/yaseen/audio/MVP_New_3주기/New_MVP_059.wav,New_MVP_059.wav,MVP,New_MVP_059,8000,21494,2.687,5d06928658b00346b5679889844aa08d,3,4
data/raw/yaseen/audio/MVP_New_3주기/New_MVP_060.wav,New_MVP_060.wav,MVP,New_MVP_060,8000,21601,2.7,04a6cb14c6ce5e54a62f58e31a28a50c,1,4
data/raw/yaseen/audio/MVP_New_3주기/New_MVP_061.wav,New_MVP_061.wav,MVP,New_MVP_061,8000,21452,2.682,197b6947c839de582cb7ca29fac338c2,4,4
data/raw/yaseen/audio/MVP_New_3주기/New_MVP_062.wav,New_MVP_062.wav,MVP,New_MVP_062,8000,21622,2.703,61ab0a288d106d26f63d3f214c7b24bf,2,4
data/raw/yaseen/audio/MVP_New_3주기/New_MVP_063.wav,New_MVP_063.wav,MVP,New_MVP_063,8000,21441,2.68,4045f6ad8987b842ae72a3a26aac000e,1,4
data/raw/yaseen/audio/MVP_New_3주기/New_MVP_064.wav,New_MVP_064.wav,MVP,New_MVP_064,8000,21498,2.687,067aee627a88b3280d786a83873583d0,0,4
data/raw/yaseen/audio/MVP_New_3주기/New_MVP_065.wav,New_MVP_065.wav,MVP,New_MVP_065,8000,21487,2.686,3a1538669d87c8382170c621c86129a6,0,4
data/raw/yaseen/audio/MVP_New_3주기/New_MVP_066.wav,New_MVP_066.wav,MVP,New_MVP_066,8000,21486,2.686,483dcb41272603fd1249fb283c70d016,2,4
data/raw/yaseen/audio/MVP_New_3주기/New_MVP_067.wav,New_MVP_067.wav,MVP,New_MVP_067,8000,21444,2.68,e1b00be723e8d975f3d2e9a7aca082c9,2,4
data/raw/yaseen/audio/MVP_New_3주기/New_MVP_068.wav,New_MVP_068.wav,MVP,New_MVP_068,8000,21700,2.712,c33ef730f2ef9ad6ce4b3aba70e84827,4,4
data/raw/yaseen/audio/MVP_New_3주기/New_MVP_069.wav,New_MVP_069.wav,MVP,New_MVP_069,8000,21493,2.687,4f591a211b2ae26aea837b167209fbde,4,4
data/raw/yaseen/audio/MVP_New_3주기/New_MVP_070.wav,New_MVP_070.wav,MVP,New_MVP_070,8000,21814,2.727,96e137092162409e821679e64dbc1675,2,4
data/raw/yaseen/audio/MVP_New_3주기/New_MVP_071.wav,New_MVP_071.wav,MVP,New_MVP_071,8000,21517,2.69,168eda52026fafa04396fe7d26369ee2,4,4
data/raw/yaseen/audio/MVP_New_3주기/New_MVP_072.wav,New_MVP_072.wav,MVP,New_MVP_072,8000,21531,2.691,34188831defd244a90376aba1fd68329,2,4
data/raw/yaseen/audio/MVP_New_3주기/New_MVP_073.wav,New_MVP_073.wav,MVP,New_MVP_073,8000,21472,2.684,02359e719741a042762bf2021838a220,1,4
data/raw/yaseen/audio/MVP_New_3주기/New_MVP_074.wav,New_MVP_074.wav,MVP,New_MVP_074,8000,21693,2.712,356599c5e7e8e3cf12a22c838b286b5c,1,4
data/raw/yaseen/audio/MVP_New_3주기/New_MVP_075.wav,New_MVP_075.wav,MVP,New_MVP_075,8000,21440,2.68,8a87fc9fcf5251c36a023666184a329d,3,4
data/raw/yaseen/audio/MVP_New_3주기/New_MVP_076.wav,New_MVP_076.wav,MVP,New_MVP_076,8000,21651,2.706,f38730ecb6eac9720bc13a7c55278a19,4,4
data/raw/yaseen/audio/MVP_New_3주기/New_MVP_077.wav,New_MVP_077.wav,MVP,New_MVP_077,8000,21448,2.681,e9eac1b3464658bf15a49c2271cd836b,1,4
data/raw/yaseen/audio/MVP_New_3주기/New_MVP_078.wav,New_MVP_078.wav,MVP,New_MVP_078,8000,21608,2.701,d70f670a6c33c91c49f5687cc9d66adb,0,4
data/raw/yaseen/audio/MVP_New_3주기/New_MVP_079.wav,New_MVP_079.wav,MVP,New_MVP_079,8000,21465,2.683,b944c292a806cc0374626e1917ed676a,2,4
data/raw/yaseen/audio/MVP_New_3주기/New_MVP_080.wav,New_MVP_080.wav,MVP,New_MVP_080,8000,21616,2.702,3be6ec1020f42bb6b4c618655c33dfd5,4,4
data/raw/yaseen/audio/MVP_New_3주기/New_MVP_081.wav,New_MVP_081.wav,MVP,New_MVP_081,8000,21465,2.683,b674f2dcb2b3a6b3269d0da0879c3acf,2,4
data/raw/yaseen/audio/MVP_New_3주기/New_MVP_082.wav,New_MVP_082.wav,MVP,New_MVP_082,8000,21568,2.696,ea8c54fdf8893bb1c7695ea4edbd8e17,0,4
data/raw/yaseen/audio/MVP_New_3주기/New_MVP_083.wav,New_MVP_083.wav,MVP,New_MVP_083,8000,21448,2.681,407133ebeb25808d53d5637915c86084,1,4
data/raw/yaseen/audio/MVP_New_3주기/New_MVP_084.wav,New_MVP_084.wav,MVP,New_MVP_084,8000,21594,2.699,1297f320aafa2b46b6128bd279fd3fc6,3,4
data/raw/yaseen/audio/MVP_New_3주기/New_MVP_085.wav,New_MVP_085.wav,MVP,New_MVP_085,8000,21450,2.681,9e09d4688c285bac75b1cf4b3e1b4847,2,4
data/raw/yaseen/audio/MVP_New_3주기/New_MVP_086.wav,New_MVP_086.wav,MVP,New_MVP_086,8000,21456,2.682,819aa5a4068a5b13bd245ab6d0046fdc,1,4
data/raw/yaseen/audio/MVP_New_3주기/New_MVP_087.wav,New_MVP_087.wav,MVP,New_MVP_087,8000,21393,2.674,10449a0439d0c5775c615e0cf3207945,0,4
data/raw/yaseen/audio/MVP_New_3주기/New_MVP_088.wav,New_MVP_088.wav,MVP,New_MVP_088,8000,21628,2.704,2b48d84e650544ab292739447081fee1,1,4
data/raw/yaseen/audio/MVP_New_3주기/New_MVP_089.wav,New_MVP_089.wav,MVP,New_MVP_089,8000,21465,2.683,1435687b8dad73106120ac34199b6ead,0,4
data/raw/yaseen/audio/MVP_New_3주기/New_MVP_090.wav,New_MVP_090.wav,MVP,New_MVP_090,8000,21700,2.712,40e066bbd99e7bbeb56abf505ea80267,2,4
data/raw/yaseen/audio/MVP_New_3주기/New_MVP_091.wav,New_MVP_091.wav,MVP,New_MVP_091,8000,21502,2.688,dd0a44d3425bc856d3ae2a2a76b057d4,1,4
data/raw/yaseen/audio/MVP_New_3주기/New_MVP_092.wav,New_MVP_092.wav,MVP,New_MVP_092,8000,21934,2.742,0d3106571083536929930022b164da72,0,4
data/raw/yaseen/audio/MVP_New_3주기/New_MVP_093.wav,New_MVP_093.wav,MVP,New_MVP_093,8000,21482,2.685,61c011e927b4216b07a012199af0971e,0,4
data/raw/yaseen/audio/MVP_New_3주기/New_MVP_094.wav,New_MVP_094.wav,MVP,New_MVP_094,8000,21669,2.709,0505b9b7013c22cf0fccaed0c3cdda70,0,4
data/raw/yaseen/audio/MVP_New_3주기/New_MVP_095.wav,New_MVP_095.wav,MVP,New_MVP_095,8000,21485,2.686,f7d918f218dd9ab61b670fb6e3e1a93d,3,4
data/raw/yaseen/audio/MVP_New_3주기/New_MVP_096.wav,New_MVP_096.wav,MVP,New_MVP_096,8000,21427,2.678,3b5bad3acc06889895fe8dd0bcd12cf8,3,4
data/raw/yaseen/audio/MVP_New_3주기/New_MVP_097.wav,New_MVP_097.wav,MVP,New_MVP_097,8000,21445,2.681,f7c829760dae658daa9af63904391fdd,0,4
data/raw/yaseen/audio/MVP_New_3주기/New_MVP_098.wav,New_MVP_098.wav,MVP,New_MVP_098,8000,13936,1.742,2677609008b3f7ca5d0dfe4cd2679c3a,4,4
data/raw/yaseen/audio/MVP_New_3주기/New_MVP_099.wav,New_MVP_099.wav,MVP,New_MVP_099,8000,13820,1.728,1f0fce217d219ace3b4bdb363aef3a1c,0,4
data/raw/yaseen/audio/MVP_New_3주기/New_MVP_100.wav,New_MVP_100.wav,MVP,New_MVP_100,8000,14205,1.776,0b0d27bffc73e3482c7343984919dd33,0,4
data/raw/yaseen/audio/MVP_New_3주기/New_MVP_101.wav,New_MVP_101.wav,MVP,New_MVP_101,8000,14340,1.792,5483f325ac807f819fc408f9c98198b0,1,4
data/raw/yaseen/audio/MVP_New_3주기/New_MVP_102.wav,New_MVP_102.wav,MVP,New_MVP_102,8000,15507,1.938,cbae3e08a4cce8d9d4eead22851522e5,2,4
data/raw/yaseen/audio/MVP_New_3주기/New_MVP_103.wav,New_MVP_103.wav,MVP,New_MVP_103,8000,15630,1.954,237a8ffc00a88b08a1bf44127b6acb60,0,4
data/raw/yaseen/audio/MVP_New_3주기/New_MVP_104.wav,New_MVP_104.wav,MVP,New_MVP_104,8000,19875,2.484,344a94629d3a9e8358fa955ec622783f,4,4
data/raw/yaseen/audio/MVP_New_3주기/New_MVP_105.wav,New_MVP_105.wav,MVP,New_MVP_105,8000,18709,2.339,ecd44903221213f47e39517b23af74f9,0,4
data/raw/yaseen/audio/MVP_New_3주기/New_MVP_106.wav,New_MVP_106.wav,MVP,New_MVP_106,8000,21751,2.719,c33ba5f1c11fdb67b72fd2fe6e244530,4,4
data/raw/yaseen/audio/MVP_New_3주기/New_MVP_107.wav,New_MVP_107.wav,MVP,New_MVP_107,8000,23382,2.923,d716c421a840685ea5f436f9a14d4db7,0,4
data/raw/yaseen/audio/MVP_New_3주기/New_MVP_108.wav,New_MVP_108.wav,MVP,New_MVP_108,8000,22764,2.845,a4908737677ceaa12b20934ab87721a6,1,4
data/raw/yaseen/audio/MVP_New_3주기/New_MVP_109.wav,New_MVP_109.wav,MVP,New_MVP_109,8000,19796,2.474,7d6896d501df039b7c3edf602c082c01,0,4
data/raw/yaseen/audio/MVP_New_3주기/New_MVP_110.wav,New_MVP_110.wav,MVP,New_MVP_110,8000,19784,2.473,ba3d4e36f41393ebcaa285fa4f54943e,2,4
data/raw/yaseen/audio/MVP_New_3주기/New_MVP_111.wav,New_MVP_111.wav,MVP,New_MVP_111,8000,23327,2.916,153ee854deecc73d06eb400b32d4afb9,2,4
data/raw/yaseen/audio/MVP_New_3주기/New_MVP_112.wav,New_MVP_112.wav,MVP,New_MVP_112,8000,23437,2.93,6ed34b8e46034aedbc8a73f48bea5b0e,0,4
data/raw/yaseen/audio/MVP_New_3주기/New_MVP_113.wav,New_MVP_113.wav,MVP,New_MVP_113,8000,23432,2.929,6de163f821ec10bcb832646a7f95a11e,1,4
data/raw/yaseen/audio/MVP_New_3주기/New_MVP_114.wav,New_MVP_114.wav,MVP,New_MVP_114,8000,23443,2.93,9025c913c40b26d54fdacd11516dad3e,4,4
data/raw/yaseen/audio/MVP_New_3주기/New_MVP_115.wav,New_MVP_115.wav,MVP,New_MVP_115,8000,23848,2.981,20898587449826ac535578713a9bb277,0,4
data/raw/yaseen/audio/MVP_New_3주기/New_MVP_116.wav,New_MVP_116.wav,MVP,New_MVP_116,8000,23441,2.93,d76a3cc4e4d41b1e88c5421a995f36ff,3,4
data/raw/yaseen/audio/MVP_New_3주기/New_MVP_117.wav,New_MVP_117.wav,MVP,New_MVP_117,8000,23664,2.958,6662107c301d7b47bacf94aaca55775a,3,4
data/raw/yaseen/audio/MVP_New_3주기/New_MVP_118.wav,New_MVP_118.wav,MVP,New_MVP_118,8000,23323,2.915,97be1d39190526d046e38e1402e16cad,2,4
data/raw/yaseen/audio/MVP_New_3주기/New_MVP_119.wav,New_MVP_119.wav,MVP,New_MVP_119,8000,23570,2.946,e722dd202709da6d70d9c470cc5038f0,4,4
data/raw/yaseen/audio/MVP_New_3주기/New_MVP_120.wav,New_MVP_120.wav,MVP,New_MVP_120,8000,23444,2.93,770dfd57d75c56fbe2138adf640acb1e,1,4
data/raw/yaseen/audio/MVP_New_3주기/New_MVP_121.wav,New_MVP_121.wav,MVP,New_MVP_121,8000,23442,2.93,1aac522a875b875957c1a8fb517278d0,4,4
data/raw/yaseen/audio/MVP_New_3주기/New_MVP_122.wav,New_MVP_122.wav,MVP,New_MVP_122,8000,23501,2.938,3b56e8e4be3159eb1e90edc3c3cfc21f,2,4
data/raw/yaseen/audio/MVP_New_3주기/New_MVP_123.wav,New_MVP_123.wav,MVP,New_MVP_123,8000,16392,2.049,34f38804b304786d01356819165ef479,2,4
data/raw/yaseen/audio/MVP_New_3주기/New_MVP_124.wav,New_MVP_124.wav,MVP,New_MVP_124,8000,16117,2.015,eb81202e40c63a44da0dad73697e6e08,3,4
data/raw/yaseen/audio/MVP_New_3주기/New_MVP_125.wav,New_MVP_125.wav,MVP,New_MVP_125,8000,16409,2.051,c25502206f00e61cd69e480b4de37fbf,2,4
data/raw/yaseen/audio/MVP_New_3주기/New_MVP_126.wav,New_MVP_126.wav,MVP,New_MVP_126,8000,16444,2.055,ba7616c7839aa41e8d0fe614efcc7ff2,0,4
data/raw/yaseen/audio/MVP_New_3주기/New_MVP_127.wav,New_MVP_127.wav,MVP,New_MVP_127,8000,16859,2.107,04c7a66faf9f7c21085ca6bcdee071ee,2,4
data/raw/yaseen/audio/MVP_New_3주기/New_MVP_128.wav,New_MVP_128.wav,MVP,New_MVP_128,8000,16105,2.013,c7bb817dcc5e714c6a9f897fb8e8bdd2,1,4
data/raw/yaseen/audio/MVP_New_3주기/New_MVP_129.wav,New_MVP_129.wav,MVP,New_MVP_129,8000,16427,2.053,18d538498c018fe01c6d2b2ef38ee2d4,0,4
data/raw/yaseen/audio/MVP_New_3주기/New_MVP_130.wav,New_MVP_130.wav,MVP,New_MVP_130,8000,17186,2.148,5c63fe1c3dfbac713b0d2f02b3c735b7,0,4
data/raw/yaseen/audio/MVP_New_3주기/New_MVP_131.wav,New_MVP_131.wav,MVP,New_MVP_131,8000,16241,2.03,4c199f43487db5a1aea2df9a2ed57e1c,4,4
data/raw/yaseen/audio/MVP_New_3주기/New_MVP_132.wav,New_MVP_132.wav,MVP,New_MVP_132,8000,16283,2.035,f84b756bdcc072b8543bd99991e5c304,1,4
data/raw/yaseen/audio/MVP_New_3주기/New_MVP_133.wav,New_MVP_133.wav,MVP,New_MVP_133,8000,16305,2.038,b8b3ea7be57f22d87b4710a4003880cd,2,4
data/raw/yaseen/audio/MVP_New_3주기/New_MVP_134.wav,New_MVP_134.wav,MVP,New_MVP_134,8000,15679,1.96,1b14bcb810f1b98d0a5aa96082b82c49,2,4
data/raw/yaseen/audio/MVP_New_3주기/New_MVP_135.wav,New_MVP_135.wav,MVP,New_MVP_135,8000,17613,2.202,ebd2dbf0f4fdf5f06c15c0336f2d3fb1,3,4
data/raw/yaseen/audio/MVP_New_3주기/New_MVP_136.wav,New_MVP_136.wav,MVP,New_MVP_136,8000,16554,2.069,fe8ec704f454c3f720b82d225c12da1d,0,4
data/raw/yaseen/audio/MVP_New_3주기/New_MVP_137.wav,New_MVP_137.wav,MVP,New_MVP_137,8000,14842,1.855,8caabd720ffc044081be906462c254b5,1,4
data/raw/yaseen/audio/MVP_New_3주기/New_MVP_138.wav,New_MVP_138.wav,MVP,New_MVP_138,8000,14845,1.856,0c5e59873312b6d5ee4d548bd47bc89f,4,4
data/raw/yaseen/audio/MVP_New_3주기/New_MVP_139.wav,New_MVP_139.wav,MVP,New_MVP_139,8000,16494,2.062,3e0ffeff1526e56fa6ff86d36ccc5f6c,4,4
data/raw/yaseen/audio/MVP_New_3주기/New_MVP_140.wav,New_MVP_140.wav,MVP,New_MVP_140,8000,16085,2.011,c5446c2ee647c216820d294a3d1e0060,4,4
data/raw/yaseen/audio/MVP_New_3주기/New_MVP_141.wav,New_MVP_141.wav,MVP,New_MVP_141,8000,16760,2.095,2a08d4448259554ba8ab074d94fa5d50,2,4
data/raw/yaseen/audio/MVP_New_3주기/New_MVP_142.wav,New_MVP_142.wav,MVP,New_MVP_142,8000,16796,2.099,3732cf0b346b5fce01588ad1eacd431b,1,4
data/raw/yaseen/audio/MVP_New_3주기/New_MVP_143.wav,New_MVP_143.wav,MVP,New_MVP_143,8000,16525,2.066,e7f465740d0cb5732a48fc1e15655259,0,4
data/raw/yaseen/audio/MVP_New_3주기/New_MVP_144.wav,New_MVP_144.wav,MVP,New_MVP_144,8000,16091,2.011,80b265b8e8bd29a841c258ca6ceddb14,2,4
data/raw/yaseen/audio/MVP_New_3주기/New_MVP_145.wav,New_MVP_145.wav,MVP,New_MVP_145,8000,17305,2.163,6661af363748443e44b6671d166b9250,4,4
data/raw/yaseen/audio/MVP_New_3주기/New_MVP_146.wav,New_MVP_146.wav,MVP,New_MVP_146,8000,16361,2.045,484ce5438b7e96c2ced32cdc74cfb2e9,2,4
data/raw/yaseen/audio/MVP_New_3주기/New_MVP_147.wav,New_MVP_147.wav,MVP,New_MVP_147,8000,16197,2.025,b4874b16b5d20967bce7d8dee909d937,3,4
data/raw/yaseen/audio/MVP_New_3주기/New_MVP_148.wav,New_MVP_148.wav,MVP,New_MVP_148,8000,16283,2.035,89e80243474d9e8ba9b9bcb95a0b0e04,2,4
data/raw/yaseen/audio/MVP_New_3주기/New_MVP_149.wav,New_MVP_149.wav,MVP,New_MVP_149,8000,15926,1.991,68193475f5f3ffeab3400a6a485c9934,3,4
data/raw/yaseen/audio/MVP_New_3주기/New_MVP_150.wav,New_MVP_150.wav,MVP,New_MVP_150,8000,16601,2.075,e5b312e75eb1d05e88b9908019328b39,3,4
data/raw/yaseen/audio/MVP_New_3주기/New_MVP_151.wav,New_MVP_151.wav,MVP,New_MVP_151,8000,16643,2.08,98972f7074e43df41e3007c9ab66785d,3,4
data/raw/yaseen/audio/MVP_New_3주기/New_MVP_152.wav,New_MVP_152.wav,MVP,New_MVP_152,8000,15922,1.99,90be228e2b85f6c13ccdce875f2e208b,3,4
data/raw/yaseen/audio/MVP_New_3주기/New_MVP_153.wav,New_MVP_153.wav,MVP,New_MVP_153,8000,16923,2.115,ab7aaf3725107dbcb8e7f6a17d130ae8,1,4
data/raw/yaseen/audio/MVP_New_3주기/New_MVP_154.wav,New_MVP_154.wav,MVP,New_MVP_154,8000,16141,2.018,c74d835ab40a53dbac70660ee7fa11fe,0,4
data/raw/yaseen/audio/MVP_New_3주기/New_MVP_155.wav,New_MVP_155.wav,MVP,New_MVP_155,8000,15632,1.954,7c16950b90b07fea0ce2a78f4ec223d3,3,4
data/raw/yaseen/audio/MVP_New_3주기/New_MVP_156.wav,New_MVP_156.wav,MVP,New_MVP_156,8000,16364,2.046,9b339912814c51a1c484a89796373430,2,4
data/raw/yaseen/audio/MVP_New_3주기/New_MVP_157.wav,New_MVP_157.wav,MVP,New_MVP_157,8000,17110,2.139,5f3c69c61dff82d244e1d0e9815f3481,0,4
data/raw/yaseen/audio/MVP_New_3주기/New_MVP_158.wav,New_MVP_158.wav,MVP,New_MVP_158,8000,17397,2.175,ce7c5868869c7848f0855db4824e559f,3,4
data/raw/yaseen/audio/MVP_New_3주기/New_MVP_159.wav,New_MVP_159.wav,MVP,New_MVP_159,8000,16252,2.031,3d6f519f4a7d45554cf876b1296c3e38,2,4
data/raw/yaseen/audio/MVP_New_3주기/New_MVP_160.wav,New_MVP_160.wav,MVP,New_MVP_160,8000,16479,2.06,935ec73cec1511d3b4679c36fd653c9e,3,4
data/raw/yaseen/audio/MVP_New_3주기/New_MVP_161.wav,New_MVP_161.wav,MVP,New_MVP_161,8000,16668,2.083,b2b49ebc4d04037793ec8c6850f211a5,4,4
data/raw/yaseen/audio/MVP_New_3주기/New_MVP_162.wav,New_MVP_162.wav,MVP,New_MVP_162,8000,16354,2.044,95aa2a71ab3f41ebe8d76717017162ab,3,4
data/raw/yaseen/audio/MVP_New_3주기/New_MVP_163.wav,New_MVP_163.wav,MVP,New_MVP_163,8000,16330,2.041,dea4541754e3c26f5d9f723ea6ec0378,4,4
data/raw/yaseen/audio/MVP_New_3주기/New_MVP_164.wav,New_MVP_164.wav,MVP,New_MVP_164,8000,16485,2.061,a75ec597d43ff3937b38d50b488a8f8c,3,4
data/raw/yaseen/audio/MVP_New_3주기/New_MVP_165.wav,New_MVP_165.wav,MVP,New_MVP_165,8000,16806,2.101,c3f174f29992881b5f2139d1287ce787,3,4
data/raw/yaseen/audio/MVP_New_3주기/New_MVP_166.wav,New_MVP_166.wav,MVP,New_MVP_166,8000,16523,2.065,5553e55c0898b1bdbd79a6842b8d8056,2,4
data/raw/yaseen/audio/MVP_New_3주기/New_MVP_167.wav,New_MVP_167.wav,MVP,New_MVP_167,8000,15954,1.994,3fcb25de2681c222d7957f6f2ed11bd1,3,4
data/raw/yaseen/audio/MVP_New_3주기/New_MVP_168.wav,New_MVP_168.wav,MVP,New_MVP_168,8000,17255,2.157,7b74cc72aca07734470d22f6f4bb0aa5,4,4
data/raw/yaseen/audio/MVP_New_3주기/New_MVP_169.wav,New_MVP_169.wav,MVP,New_MVP_169,8000,16281,2.035,fe6c55e3216a2fdd720b15b20f0fe701,3,4
data/raw/yaseen/audio/MVP_New_3주기/New_MVP_170.wav,New_MVP_170.wav,MVP,New_MVP_170,8000,16137,2.017,0aceeeb6bef192d87018b3acfb15627b,1,4
data/raw/yaseen/audio/MVP_New_3주기/New_MVP_171.wav,New_MVP_171.wav,MVP,New_MVP_171,8000,16453,2.057,3857614d48affaaad89269a48b36e104,2,4
data/raw/yaseen/audio/MVP_New_3주기/New_MVP_172.wav,New_MVP_172.wav,MVP,New_MVP_172,8000,15796,1.974,27753e7103b9003e21ce04128dd4387f,3,4
data/raw/yaseen/audio/MVP_New_3주기/New_MVP_173.wav,New_MVP_173.wav,MVP,New_MVP_173,8000,17562,2.195,9d20d25c5d1fcf9e030430dd097403a4,2,4
data/raw/yaseen/audio/MVP_New_3주기/New_MVP_174.wav,New_MVP_174.wav,MVP,New_MVP_174,8000,16467,2.058,6ceb79a0934a7f36fac1e92105112f59,3,4
data/raw/yaseen/audio/MVP_New_3주기/New_MVP_175.wav,New_MVP_175.wav,MVP,New_MVP_175,8000,23319,2.915,45a039d8de371a594310f7dd57b0aabe,0,4
data/raw/yaseen/audio/MVP_New_3주기/New_MVP_176.wav,New_MVP_176.wav,MVP,New_MVP_176,8000,19101,2.388,fa952beae40aaeedde45245558fc3c24,0,4
data/raw/yaseen/audio/MVP_New_3주기/New_MVP_177.wav,New_MVP_177.wav,MVP,New_MVP_177,8000,20389,2.549,1b02dabe1e4a46d559332703c2f1a9c7,0,4
data/raw/yaseen/audio/MVP_New_3주기/New_MVP_178.wav,New_MVP_178.wav,MVP,New_MVP_178,8000,20092,2.511,01270b052d5e9afba378f61a64573f99,4,4
data/raw/yaseen/audio/MVP_New_3주기/New_MVP_179.wav,New_MVP_179.wav,MVP,New_MVP_179,8000,20108,2.514,8804050d7652c5805e3deca90955ba72,2,4
data/raw/yaseen/audio/MVP_New_3주기/New_MVP_180.wav,New_MVP_180.wav,MVP,New_MVP_180,8000,20120,2.515,542e7a43250470f5ca97086d294eda4a,1,4
data/raw/yaseen/audio/MVP_New_3주기/New_MVP_181.wav,New_MVP_181.wav,MVP,New_MVP_181,8000,20296,2.537,fc198301c21f088bbcbf907c969c4197,0,4
data/raw/yaseen/audio/MVP_New_3주기/New_MVP_182.wav,New_MVP_182.wav,MVP,New_MVP_182,8000,20062,2.508,6ed6e135f3cbee22ca3a053600a012e4,2,4
data/raw/yaseen/audio/MVP_New_3주기/New_MVP_183.wav,New_MVP_183.wav,MVP,New_MVP_183,8000,19748,2.469,ff3580472209f8cf33bbc8ee73b4e1e6,4,4
data/raw/yaseen/audio/MVP_New_3주기/New_MVP_184.wav,New_MVP_184.wav,MVP,New_MVP_184,8000,19718,2.465,de8c0e8ff62dc398ee023cbc79066c2e,2,4
data/raw/yaseen/audio/MVP_New_3주기/New_MVP_185.wav,New_MVP_185.wav,MVP,New_MVP_185,8000,23328,2.916,ae06a69ccff42f2fa7ffb30beb9591f6,4,4
data/raw/yaseen/audio/MVP_New_3주기/New_MVP_186.wav,New_MVP_186.wav,MVP,New_MVP_186,8000,19105,2.388,bdfa80a5d441356ef1443760e81b59dc,2,4
data/raw/yaseen/audio/MVP_New_3주기/New_MVP_187.wav,New_MVP_187.wav,MVP,New_MVP_187,8000,23279,2.91,e4c1d93222132a4f80448f7076c7db70,1,4
data/raw/yaseen/audio/MVP_New_3주기/New_MVP_188.wav,New_MVP_188.wav,MVP,New_MVP_188,8000,19097,2.387,ea230970d9e7d0e0ee8e18b5d64360c1,3,4
data/raw/yaseen/audio/MVP_New_3주기/New_MVP_189.wav,New_MVP_189.wav,MVP,New_MVP_189,8000,21362,2.67,a75f0619f42b5a3cd8760081637d7674,1,4
data/raw/yaseen/audio/MVP_New_3주기/New_MVP_190.wav,New_MVP_190.wav,MVP,New_MVP_190,8000,21362,2.67,3f97e3cd9d3b5fc5a1aa6c31e0337553,2,4
data/raw/yaseen/audio/MVP_New_3주기/New_MVP_191.wav,New_MVP_191.wav,MVP,New_MVP_191,8000,13811,1.726,b133f4e5c0d695817dfa0b51b38b4fd8,3,4
data/raw/yaseen/audio/MVP_New_3주기/New_MVP_192.wav,New_MVP_192.wav,MVP,New_MVP_192,8000,14109,1.764,8b623d5192587f924c253241cbc0d5ac,4,4
data/raw/yaseen/audio/MVP_New_3주기/New_MVP_193.wav,New_MVP_193.wav,MVP,New_MVP_193,8000,14326,1.791,cca1fba18adad115a509d8ed35012608,4,4
data/raw/yaseen/audio/MVP_New_3주기/New_MVP_194.wav,New_MVP_194.wav,MVP,New_MVP_194,8000,15027,1.878,cb5dd3b9d5f8846a1c1e0e0aaadd5bec,2,4
data/raw/yaseen/audio/MVP_New_3주기/New_MVP_195.wav,New_MVP_195.wav,MVP,New_MVP_195,8000,15638,1.955,49b40d929f589cbcd077061667813de3,1,4
data/raw/yaseen/audio/MVP_New_3주기/New_MVP_196.wav,New_MVP_196.wav,MVP,New_MVP_196,8000,16228,2.029,f0267eb37e5375d1dde48f1c3a79d013,3,4
data/raw/yaseen/audio/MVP_New_3주기/New_MVP_197.wav,New_MVP_197.wav,MVP,New_MVP_197,8000,28540,3.567,2529e0ad1158faef9de3df01e242e6d2,4,4
data/raw/yaseen/audio/MVP_New_3주기/New_MVP_198.wav,New_MVP_198.wav,MVP,New_MVP_198,8000,28641,3.58,f30691f0d46baebc8edfad36adecf6da,1,4
data/raw/yaseen/audio/MVP_New_3주기/New_MVP_199.wav,New_MVP_199.wav,MVP,New_MVP_199,8000,20289,2.536,6cc6d0a0e67df7e391d7fcd29628ad82,0,4
data/raw/yaseen/audio/MVP_New_3주기/New_MVP_200.wav,New_MVP_200.wav,MVP,New_MVP_200,8000,20420,2.553,e2c4a25a05b96ce30e4c0e75724efa64,1,4
data/raw/yaseen/audio/N_New_3주기/New_N_001.wav,New_N_001.wav,Normal,New_N_001,8000,16837,2.105,9852747a3bf32fec5a7651eda7f1c4ea,3,0
data/raw/yaseen/audio/N_New_3주기/New_N_002.wav,New_N_002.wav,Normal,New_N_002,8000,16956,2.119,b2869f66a4f6c0e28692e43749d8694c,0,0
data/raw/yaseen/audio/N_New_3주기/New_N_003.wav,New_N_003.wav,Normal,New_N_003,8000,16933,2.117,de79087f0170803b9ba9c047d7826e81,1,0
data/raw/yaseen/audio/N_New_3주기/New_N_004.wav,New_N_004.wav,Normal,New_N_004,8000,16696,2.087,d76f1eb978ce3ed74b031118498ead88,4,0
data/raw/yaseen/audio/N_New_3주기/New_N_005.wav,New_N_005.wav,Normal,New_N_005,8000,16963,2.12,65dfdc38f7ac97ac5cf367af9c754d83,3,0
data/raw/yaseen/audio/N_New_3주기/New_N_006.wav,New_N_006.wav,Normal,New_N_006,8000,16725,2.091,4a0876eed0d716c5b95edf6175b223f0,4,0
data/raw/yaseen/audio/N_New_3주기/New_N_007.wav,New_N_007.wav,Normal,New_N_007,8000,16815,2.102,86a283b6781ab637447b47b977c3caa9,2,0
data/raw/yaseen/audio/N_New_3주기/New_N_008.wav,New_N_008.wav,Normal,New_N_008,8000,16874,2.109,0ec7d6cf1fed6741d03f37809cb5ee7d,0,0
data/raw/yaseen/audio/N_New_3주기/New_N_009.wav,New_N_009.wav,Normal,New_N_009,8000,16804,2.1,605b986a8670698f9f43dc418494a335,2,0
data/raw/yaseen/audio/N_New_3주기/New_N_010.wav,New_N_010.wav,Normal,New_N_010,8000,16744,2.093,39f7d7a5b63c3d1581392de2aaa0fca1,3,0
data/raw/yaseen/audio/N_New_3주기/New_N_011.wav,New_N_011.wav,Normal,New_N_011,8000,16884,2.111,2a9fed2d6ded8ad18c6117298e92324f,2,0
data/raw/yaseen/audio/N_New_3주기/New_N_012.wav,New_N_012.wav,Normal,New_N_012,8000,16765,2.096,032a78fddfbb8df93dd72d6108a746ae,4,0
data/raw/yaseen/audio/N_New_3주기/New_N_013.wav,New_N_013.wav,Normal,New_N_013,8000,16922,2.115,ea0789750824c364be4122d3bf5c660a,1,0
data/raw/yaseen/audio/N_New_3주기/New_N_014.wav,New_N_014.wav,Normal,New_N_014,8000,16744,2.093,b5cbd59ea9f7e182dd2d34c843d95914,4,0
data/raw/yaseen/audio/N_New_3주기/New_N_015.wav,New_N_015.wav,Normal,New_N_015,8000,16744,2.093,0c7ab0aee1a93b31321ab853d707e8f7,2,0
data/raw/yaseen/audio/N_New_3주기/New_N_016.wav,New_N_016.wav,Normal,New_N_016,8000,16686,2.086,69ebaa58fc68496a6a76c963a97ed0d3,3,0
data/raw/yaseen/audio/N_New_3주기/New_N_017.wav,New_N_017.wav,Normal,New_N_017,8000,16509,2.064,9a370754ed2095818d11ce67636472e9,2,0
data/raw/yaseen/audio/N_New_3주기/New_N_018.wav,New_N_018.wav,Normal,New_N_018,8000,16805,2.101,be7cdf68086367d47db501038569428a,0,0
data/raw/yaseen/audio/N_New_3주기/New_N_019.wav,New_N_019.wav,Normal,New_N_019,8000,16734,2.092,c56d8fe7cf8a85a35c83b27e7635faa1,3,0
data/raw/yaseen/audio/N_New_3주기/New_N_020.wav,New_N_020.wav,Normal,New_N_020,8000,16616,2.077,f27f932b50c1630b285ef174be6e0b0c,1,0
data/raw/yaseen/audio/N_New_3주기/New_N_021.wav,New_N_021.wav,Normal,New_N_021,8000,16884,2.111,7ea0b1ac24377c8041246a426d6209d7,4,0
data/raw/yaseen/audio/N_New_3주기/New_N_022.wav,New_N_022.wav,Normal,New_N_022,8000,16703,2.088,08175b9b37543498da083c16297667cb,0,0
data/raw/yaseen/audio/N_New_3주기/New_N_023.wav,New_N_023.wav,Normal,New_N_023,8000,16933,2.117,253fc68f29c819fee0f1a62f13cc7da3,2,0
data/raw/yaseen/audio/N_New_3주기/New_N_024.wav,New_N_024.wav,Normal,New_N_024,8000,16874,2.109,af5bd1164245595cfcd1f135b56cc8bd,1,0
data/raw/yaseen/audio/N_New_3주기/New_N_025.wav,New_N_025.wav,Normal,New_N_025,8000,16824,2.103,141c0e1ef0b09d141b6fee1292e45203,2,0
data/raw/yaseen/audio/N_New_3주기/New_N_026.wav,New_N_026.wav,Normal,New_N_026,8000,16884,2.111,655d6a9f7a592c825dd7a78cb72e7a4b,0,0
data/raw/yaseen/audio/N_New_3주기/New_N_027.wav,New_N_027.wav,Normal,New_N_027,8000,16933,2.117,a1e1f65ab36f1dccb0de441217d5a042,3,0
data/raw/yaseen/audio/N_New_3주기/New_N_028.wav,New_N_028.wav,Normal,New_N_028,8000,16696,2.087,870987f3122c721daa008205f2671f8a,3,0
data/raw/yaseen/audio/N_New_3주기/New_N_029.wav,New_N_029.wav,Normal,New_N_029,8000,16824,2.103,41c475178283510c13015f1036fe5a66,4,0
data/raw/yaseen/audio/N_New_3주기/New_N_030.wav,New_N_030.wav,Normal,New_N_030,8000,16884,2.111,d080590cd090a5649215091da67f0388,2,0
data/raw/yaseen/audio/N_New_3주기/New_N_031.wav,New_N_031.wav,Normal,New_N_031,8000,16786,2.098,896544d043a3d1c06fc4c7a1a34ee7d1,3,0
data/raw/yaseen/audio/N_New_3주기/New_N_032.wav,New_N_032.wav,Normal,New_N_032,8000,16669,2.084,a39480af5b1c3d56dc047ee148c16880,1,0
data/raw/yaseen/audio/N_New_3주기/New_N_033.wav,New_N_033.wav,Normal,New_N_033,8000,16884,2.111,0b06606779e6e199fcfb9f0f750f3d9a,2,0
data/raw/yaseen/audio/N_New_3주기/New_N_034.wav,New_N_034.wav,Normal,New_N_034,8000,17124,2.14,0c50e61b208de13e324c7b515f2deca1,3,0
data/raw/yaseen/audio/N_New_3주기/New_N_035.wav,New_N_035.wav,Normal,New_N_035,8000,16734,2.092,2b19dd3c02d9cf2f5e4ebdb5637fc22f,3,0
data/raw/yaseen/audio/N_New_3주기/New_N_036.wav,New_N_036.wav,Normal,New_N_036,8000,16675,2.084,073004a1ac221e6b92206abd7fbf87b2,1,0
data/raw/yaseen/audio/N_New_3주기/New_N_037.wav,New_N_037.wav,Normal,New_N_037,8000,24058,3.007,953253c3511a6c0bc42702a2c5ec5064,4,0
data/raw/yaseen/audio/N_New_3주기/New_N_038.wav,New_N_038.wav,Normal,New_N_038,8000,23803,2.975,816b97798f92e68e3542bceaf3871703,4,0
data/raw/yaseen/audio/N_New_3주기/New_N_039.wav,New_N_039.wav,Normal,New_N_039,8000,23669,2.959,85463f8d6d73610a298539cc63bad3a8,4,0
data/raw/yaseen/audio/N_New_3주기/New_N_040.wav,New_N_040.wav,Normal,New_N_040,8000,22768,2.846,9d10917dc8e198d526c85224cdf745fb,2,0
data/raw/yaseen/audio/N_New_3주기/New_N_041.wav,New_N_041.wav,Normal,New_N_041,8000,20738,2.592,6847eb08116a33ade0958af53abbbc6f,0,0
data/raw/yaseen/audio/N_New_3주기/New_N_042.wav,New_N_042.wav,Normal,New_N_042,8000,20592,2.574,7a7038120dcd345fdae2b49ce98a5cbc,3,0
data/raw/yaseen/audio/N_New_3주기/New_N_043.wav,New_N_043.wav,Normal,New_N_043,8000,21246,2.656,b2511fafafd3b2d826ef1811373351c5,0,0
data/raw/yaseen/audio/N_New_3주기/New_N_044.wav,New_N_044.wav,Normal,New_N_044,8000,20508,2.563,08471ac102aae0f56bea0d6879f21cf2,2,0
data/raw/yaseen/audio/N_New_3주기/New_N_045.wav,New_N_045.wav,Normal,New_N_045,8000,21383,2.673,5fc3b51f668e47a11c2df404c0e4a585,2,0
data/raw/yaseen/audio/N_New_3주기/New_N_046.wav,New_N_046.wav,Normal,New_N_046,8000,21533,2.692,9712ee6952f5b38f0795c6ecee41d4cb,1,0
data/raw/yaseen/audio/N_New_3주기/New_N_047.wav,New_N_047.wav,Normal,New_N_047,8000,20845,2.606,48dc0d7f446175fbb19c1669674c4fa5,2,0
data/raw/yaseen/audio/N_New_3주기/New_N_048.wav,New_N_048.wav,Normal,New_N_048,8000,21141,2.643,411359559f2c13caaf92cf585b9f79e9,4,0
data/raw/yaseen/audio/N_New_3주기/New_N_049.wav,New_N_049.wav,Normal,New_N_049,8000,20820,2.603,c3abbe7583fc27c1e2586e851fa1d23a,2,0
data/raw/yaseen/audio/N_New_3주기/New_N_050.wav,New_N_050.wav,Normal,New_N_050,8000,20601,2.575,8f2840def28d814a1ae0affa97e5a960,1,0
data/raw/yaseen/audio/N_New_3주기/New_N_051.wav,New_N_051.wav,Normal,New_N_051,8000,21506,2.688,7469d28f568a37ce522a8519a677aec8,2,0
data/raw/yaseen/audio/N_New_3주기/New_N_052.wav,New_N_052.wav,Normal,New_N_052,8000,20682,2.585,9360833d32c737560ee5805e6af69d4a,2,0
data/raw/yaseen/audio/N_New_3주기/New_N_053.wav,New_N_053.wav,Normal,New_N_053,8000,20951,2.619,403cf1394590a5e5af84b2d09aae8807,2,0
data/raw/yaseen/audio/N_New_3주기/New_N_054.wav,New_N_054.wav,Normal,New_N_054,8000,21026,2.628,37b404059a1d54b92105b41d4af3119a,3,0
data/raw/yaseen/audio/N_New_3주기/New_N_055.wav,New_N_055.wav,Normal,New_N_055,8000,20747,2.593,a033f60595e27f08b660acf17f5b871e,4,0
data/raw/yaseen/audio/N_New_3주기/New_N_056.wav,New_N_056.wav,Normal,New_N_056,8000,20674,2.584,df69b23b9feada6100206b5df19f1f6e,2,0
data/raw/yaseen/audio/N_New_3주기/New_N_057.wav,New_N_057.wav,Normal,New_N_057,8000,21438,2.68,799a85e4f50f4b8e4ffdd9aa0a68f1ab,0,0
data/raw/yaseen/audio/N_New_3주기/New_N_058.wav,New_N_058.wav,Normal,New_N_058,8000,20548,2.568,e2c2672c60208145dd54587b964101c0,2,0
data/raw/yaseen/audio/N_New_3주기/New_N_059.wav,New_N_059.wav,Normal,New_N_059,8000,21431,2.679,9704328dbc3deb2cc0abc4cbb2fe8848,0,0
data/raw/yaseen/audio/N_New_3주기/New_N_060.wav,New_N_060.wav,Normal,New_N_060,8000,21356,2.67,19d0e416c16c8381f3efbd4ad0985232,4,0
data/raw/yaseen/audio/N_New_3주기/New_N_061.wav,New_N_061.wav,Normal,New_N_061,8000,20771,2.596,7a6371cabae6b2ef17ea4366e3b7ed15,0,0
data/raw/yaseen/audio/N_New_3주기/New_N_062.wav,New_N_062.wav,Normal,New_N_062,8000,21141,2.643,d245b46f11eb266bb6c79d142bf77c34,1,0
data/raw/yaseen/audio/N_New_3주기/New_N_063.wav,New_N_063.wav,Normal,New_N_063,8000,20813,2.602,b12b8633f9f0b77378f1e97a45c28a85,1,0
data/raw/yaseen/audio/N_New_3주기/New_N_064.wav,New_N_064.wav,Normal,New_N_064,8000,20665,2.583,cad86d478bdc21341863d08081e8d575,3,0
data/raw/yaseen/audio/N_New_3주기/New_N_065.wav,New_N_065.wav,Normal,New_N_065,8000,21512,2.689,1f7e3a9150cc027e8f8b2eaa85bd5de2,4,0
data/raw/yaseen/audio/N_New_3주기/New_N_066.wav,New_N_066.wav,Normal,New_N_066,8000,20548,2.568,5213b036ab4e488ef9163a7316428e00,4,0
data/raw/yaseen/audio/N_New_3주기/New_N_067.wav,New_N_067.wav,Normal,New_N_067,8000,20811,2.601,9a908f20c539bacbf74b82894e607eef,4,0
data/raw/yaseen/audio/N_New_3주기/New_N_068.wav,New_N_068.wav,Normal,New_N_068,8000,19730,2.466,dad4ec7018417636fcd7bd20182d2a02,1,0
data/raw/yaseen/audio/N_New_3주기/New_N_069.wav,New_N_069.wav,Normal,New_N_069,8000,20323,2.54,1b7bc19b38d5ce6a74e18a3dbf1cc304,1,0
data/raw/yaseen/audio/N_New_3주기/New_N_070.wav,New_N_070.wav,Normal,New_N_070,8000,20468,2.558,793fa37d56a43101e0e89ba377f92e04,0,0
data/raw/yaseen/audio/N_New_3주기/New_N_071.wav,New_N_071.wav,Normal,New_N_071,8000,20667,2.583,702b2d9318f0776c0b3d0a9ecaf9a81a,2,0
data/raw/yaseen/audio/N_New_3주기/New_N_072.wav,New_N_072.wav,Normal,New_N_072,8000,20306,2.538,eceec9387070cede1c320f41526f056b,0,0
data/raw/yaseen/audio/N_New_3주기/New_N_073.wav,New_N_073.wav,Normal,New_N_073,8000,20569,2.571,d466a0e7516542e77e744fe39db71952,4,0
data/raw/yaseen/audio/N_New_3주기/New_N_074.wav,New_N_074.wav,Normal,New_N_074,8000,20353,2.544,efed085957b6be6832f51217918947e1,2,0
data/raw/yaseen/audio/N_New_3주기/New_N_075.wav,New_N_075.wav,Normal,New_N_075,8000,20523,2.565,050fbf63d052d9be322607e0411bfbe5,0,0
data/raw/yaseen/audio/N_New_3주기/New_N_076.wav,New_N_076.wav,Normal,New_N_076,8000,20234,2.529,f623fa9b9d0bd63907065a86b8e245f1,3,0
data/raw/yaseen/audio/N_New_3주기/New_N_077.wav,New_N_077.wav,Normal,New_N_077,8000,20425,2.553,d357af13224231e5e6fc34996ff16658,4,0
data/raw/yaseen/audio/N_New_3주기/New_N_078.wav,New_N_078.wav,Normal,New_N_078,8000,20209,2.526,afb502b11163111bd38d5b14b397a2ef,0,0
data/raw/yaseen/audio/N_New_3주기/New_N_079.wav,New_N_079.wav,Normal,New_N_079,8000,20496,2.562,c61c3a6ba1b145d99de698d4a79e0fc9,1,0
data/raw/yaseen/audio/N_New_3주기/New_N_080.wav,New_N_080.wav,Normal,New_N_080,8000,20281,2.535,0ca9cc7f149dd7299f231b8a9d41f55c,1,0
data/raw/yaseen/audio/N_New_3주기/New_N_081.wav,New_N_081.wav,Normal,New_N_081,8000,20648,2.581,3cf483f1e77014d5bb2aa885af4d3cbb,2,0
data/raw/yaseen/audio/N_New_3주기/New_N_082.wav,New_N_082.wav,Normal,New_N_082,8000,20575,2.572,9571fced4f3f12d5fddbd4afcd4d96ca,0,0
data/raw/yaseen/audio/N_New_3주기/New_N_083.wav,New_N_083.wav,Normal,New_N_083,8000,20668,2.583,dbad88d6ef7346182d71ca03ab46f7cd,1,0
data/raw/yaseen/audio/N_New_3주기/New_N_084.wav,New_N_084.wav,Normal,New_N_084,8000,19728,2.466,2372348d1e236faf1e3833a2d652c79f,2,0
data/raw/yaseen/audio/N_New_3주기/New_N_085.wav,New_N_085.wav,Normal,New_N_085,8000,20524,2.566,07e77ea35e6b8ea80e8cf396ccfbb9b4,0,0
data/raw/yaseen/audio/N_New_3주기/New_N_086.wav,New_N_086.wav,Normal,New_N_086,8000,20524,2.566,53144f4947ba3c1785f0c68484d0fcce,3,0
data/raw/yaseen/audio/N_New_3주기/New_N_087.wav,New_N_087.wav,Normal,New_N_087,8000,20424,2.553,2f24604e62dc02d52706c37af38c92a9,2,0
data/raw/yaseen/audio/N_New_3주기/New_N_088.wav,New_N_088.wav,Normal,New_N_088,8000,20209,2.526,1cb33f9985aed8a7f7c5c55f7f1ac8dc,4,0
data/raw/yaseen/audio/N_New_3주기/New_N_089.wav,New_N_089.wav,Normal,New_N_089,8000,20622,2.578,d8873475e2c29dcc430efb1877c952c4,2,0
data/raw/yaseen/audio/N_New_3주기/New_N_090.wav,New_N_090.wav,Normal,New_N_090,8000,20550,2.569,22b82c7363143c5f25dfca90c24508c3,3,0
data/raw/yaseen/audio/N_New_3주기/New_N_091.wav,New_N_091.wav,Normal,New_N_091,8000,20549,2.569,276312ceb2e67ca335aba937f1b7928b,3,0
data/raw/yaseen/audio/N_New_3주기/New_N_092.wav,New_N_092.wav,Normal,New_N_092,8000,20404,2.55,c5eb07fafd366e8b8e6344d8add7ae53,3,0
data/raw/yaseen/audio/N_New_3주기/New_N_093.wav,New_N_093.wav,Normal,New_N_093,8000,20596,2.575,b148d63c09f4c5a40a761493993f77e6,2,0
data/raw/yaseen/audio/N_New_3주기/New_N_094.wav,New_N_094.wav,Normal,New_N_094,8000,20379,2.547,c38b88151b87994b702a371454773a2e,0,0
data/raw/yaseen/audio/N_New_3주기/New_N_095.wav,New_N_095.wav,Normal,New_N_095,8000,20424,2.553,eeefc2f763c7132e8d46ce246539707f,1,0
data/raw/yaseen/audio/N_New_3주기/New_N_096.wav,New_N_096.wav,Normal,New_N_096,8000,20209,2.526,f0b88aeee28f3a23b27c7209b5c3a1d6,3,0
data/raw/yaseen/audio/N_New_3주기/New_N_097.wav,New_N_097.wav,Normal,New_N_097,8000,20465,2.558,006a6461891d1a6c1689a241e391508f,0,0
data/raw/yaseen/audio/N_New_3주기/New_N_098.wav,New_N_098.wav,Normal,New_N_098,8000,20236,2.53,8be5329062713b08e38e2f24cade8896,1,0
data/raw/yaseen/audio/N_New_3주기/New_N_099.wav,New_N_099.wav,Normal,New_N_099,8000,20863,2.608,4e1954b2c16eaa709add29bd3317cafe,3,0
data/raw/yaseen/audio/N_New_3주기/New_N_100.wav,New_N_100.wav,Normal,New_N_100,8000,21014,2.627,58ad21516a80e35d05563f4987c09a49,3,0
data/raw/yaseen/audio/N_New_3주기/New_N_101.wav,New_N_101.wav,Normal,New_N_101,8000,21020,2.627,8e6cdcbf351b51a24047264dae5977ee,1,0
data/raw/yaseen/audio/N_New_3주기/New_N_102.wav,New_N_102.wav,Normal,New_N_102,8000,20654,2.582,fb61bb3a4ac2917057b3c84c7e6b2ac6,0,0
data/raw/yaseen/audio/N_New_3주기/New_N_103.wav,New_N_103.wav,Normal,New_N_103,8000,21507,2.688,45bf047fb5a31bd87d139eabc6f8e385,0,0
data/raw/yaseen/audio/N_New_3주기/New_N_104.wav,New_N_104.wav,Normal,New_N_104,8000,20832,2.604,609982bb155e36ad84962ea7fbfc5209,1,0
data/raw/yaseen/audio/N_New_3주기/New_N_105.wav,New_N_105.wav,Normal,New_N_105,8000,21041,2.63,d9b36d506a9031a5f7c1a2df733a11e0,3,0
data/raw/yaseen/audio/N_New_3주기/New_N_106.wav,New_N_106.wav,Normal,New_N_106,8000,21041,2.63,51ce4259c1f6617a1eef6e56d0ad3103,0,0
data/raw/yaseen/audio/N_New_3주기/New_N_107.wav,New_N_107.wav,Normal,New_N_107,8000,20757,2.595,f017f4ca1ea476883a266d43f795af68,0,0
data/raw/yaseen/audio/N_New_3주기/New_N_108.wav,New_N_108.wav,Normal,New_N_108,8000,20181,2.523,c9873df794d95101841a333150a1eb16,0,0
data/raw/yaseen/audio/N_New_3주기/New_N_109.wav,New_N_109.wav,Normal,New_N_109,8000,21343,2.668,657c8c2bd48199f10a0003dcd0434175,3,0
data/raw/yaseen/audio/N_New_3주기/New_N_110.wav,New_N_110.wav,Normal,New_N_110,8000,20669,2.584,97d21deefcb1052864effe11c41c1081,0,0
data/raw/yaseen/audio/N_New_3주기/New_N_111.wav,New_N_111.wav,Normal,New_N_111,8000,21301,2.663,04e0423747b8183f1fb156af26c65c02,4,0
data/raw/yaseen/audio/N_New_3주기/New_N_112.wav,New_N_112.wav,Normal,New_N_112,8000,20496,2.562,4cdc9d3d8ca0fdc88a0daedf975c4468,0,0
data/raw/yaseen/audio/N_New_3주기/New_N_113.wav,New_N_113.wav,Normal,New_N_113,8000,20995,2.624,9a3d9831a3cb51a356f78a084236fb47,2,0
data/raw/yaseen/audio/N_New_3주기/New_N_114.wav,New_N_114.wav,Normal,New_N_114,8000,20773,2.597,ce9f6ce702ae3ca9b24c5cbf4dd3fe57,3,0
data/raw/yaseen/audio/N_New_3주기/New_N_115.wav,New_N_115.wav,Normal,New_N_115,8000,20626,2.578,a0de7b911ba1bc94816e445e696aa79a,1,0
data/raw/yaseen/audio/N_New_3주기/New_N_116.wav,New_N_116.wav,Normal,New_N_116,8000,20774,2.597,e4b9ca1f0e2073623ea0482d2b710ac6,0,0
data/raw/yaseen/audio/N_New_3주기/New_N_117.wav,New_N_117.wav,Normal,New_N_117,8000,21264,2.658,a9ce48de2309939dd5a1b6d9953e18c2,0,0
data/raw/yaseen/audio/N_New_3주기/New_N_118.wav,New_N_118.wav,Normal,New_N_118,8000,20374,2.547,e6fbd1ff5ba04cd672ec64ef22ca89a8,4,0
data/raw/yaseen/audio/N_New_3주기/New_N_119.wav,New_N_119.wav,Normal,New_N_119,8000,20863,2.608,7801c38f71547f4ec11af1820ce39e09,1,0
data/raw/yaseen/audio/N_New_3주기/New_N_120.wav,New_N_120.wav,Normal,New_N_120,8000,21160,2.645,3958f399bd64192cd7bca65d075f4d10,4,0
data/raw/yaseen/audio/N_New_3주기/New_N_121.wav,New_N_121.wav,Normal,New_N_121,8000,20705,2.588,f00c24b934f3ca5ced1d778c5f197d0d,2,0
data/raw/yaseen/audio/N_New_3주기/New_N_122.wav,New_N_122.wav,Normal,New_N_122,8000,20344,2.543,6c561d7406705a23088f0bd682c44520,3,0
data/raw/yaseen/audio/N_New_3주기/New_N_123.wav,New_N_123.wav,Normal,New_N_123,8000,21459,2.682,0a12cf3c2356a465cab4f4b0a490d2e3,3,0
data/raw/yaseen/audio/N_New_3주기/New_N_124.wav,New_N_124.wav,Normal,New_N_124,8000,20565,2.571,75d2419a29dc0756d16b1333a76ba02d,3,0
data/raw/yaseen/audio/N_New_3주기/New_N_125.wav,New_N_125.wav,Normal,New_N_125,8000,20011,2.501,7a2f32cb0cded016d1ace671e461c983,2,0
data/raw/yaseen/audio/N_New_3주기/New_N_126.wav,New_N_126.wav,Normal,New_N_126,8000,19318,2.415,406173311fbda91d073fb91760a62083,0,0
data/raw/yaseen/audio/N_New_3주기/New_N_127.wav,New_N_127.wav,Normal,New_N_127,8000,18842,2.355,222dd0c6bbd9fa7b5ba4071420407ee2,0,0
data/raw/yaseen/audio/N_New_3주기/New_N_128.wav,New_N_128.wav,Normal,New_N_128,8000,19418,2.427,72a41a47c9c5c69eda0bcaaaba5e4084,1,0
data/raw/yaseen/audio/N_New_3주기/New_N_129.wav,New_N_129.wav,Normal,New_N_129,8000,18812,2.352,5e9dbfb3e71e4d464c0f5f303d439bac,0,0
data/raw/yaseen/audio/N_New_3주기/New_N_130.wav,New_N_130.wav,Normal,New_N_130,8000,19213,2.402,e4123ac346659cb5e2d2580e4dd5c96e,1,0
data/raw/yaseen/audio/N_New_3주기/New_N_131.wav,New_N_131.wav,Normal,New_N_131,8000,18938,2.367,f66ccab4d843fc5dade69d68f56015d7,1,0
data/raw/yaseen/audio/N_New_3주기/New_N_132.wav,New_N_132.wav,Normal,New_N_132,8000,19251,2.406,f1d2fb0291babcd09253cc21d55e3561,4,0
data/raw/yaseen/audio/N_New_3주기/New_N_133.wav,New_N_133.wav,Normal,New_N_133,8000,18979,2.372,185f1f83d5fe3059fb7ed185db17490e,3,0
data/raw/yaseen/audio/N_New_3주기/New_N_134.wav,New_N_134.wav,Normal,New_N_134,8000,19351,2.419,02ed4fcc513d94e1e03335ffed04c818,4,0
data/raw/yaseen/audio/N_New_3주기/New_N_135.wav,New_N_135.wav,Normal,New_N_135,8000,18813,2.352,48b381a63a70c7b0b7f1bcd581ab99cc,1,0
data/raw/yaseen/audio/N_New_3주기/New_N_136.wav,New_N_136.wav,Normal,New_N_136,8000,19350,2.419,90e41408c624daf5acd67167194ba422,0,0
data/raw/yaseen/audio/N_New_3주기/New_N_137.wav,New_N_137.wav,Normal,New_N_137,8000,19281,2.41,758b398b1c97201db7d9f7c2c437a7d0,1,0
data/raw/yaseen/audio/N_New_3주기/New_N_138.wav,New_N_138.wav,Normal,New_N_138,8000,19246,2.406,dbb490c74b83eeb33f2ebf40eeb5c36d,2,0
data/raw/yaseen/audio/N_New_3주기/New_N_139.wav,New_N_139.wav,Normal,New_N_139,8000,18577,2.322,a77c7d312df9efe7d9e57c1e44f8ec36,1,0
data/raw/yaseen/audio/N_New_3주기/New_N_140.wav,New_N_140.wav,Normal,New_N_140,8000,19280,2.41,c220d5b5e4d8bd20a2921c6f50806a3f,3,0
data/raw/yaseen/audio/N_New_3주기/New_N_141.wav,New_N_141.wav,Normal,New_N_141,8000,19145,2.393,ea6847870001bf36130a4d1e90b608cd,1,0
data/raw/yaseen/audio/N_New_3주기/New_N_142.wav,New_N_142.wav,Normal,New_N_142,8000,19183,2.398,c57b4b10a40a226fa1333d4ad93975eb,1,0
data/raw/yaseen/audio/N_New_3주기/New_N_143.wav,New_N_143.wav,Normal,New_N_143,8000,19115,2.389,ee739a097c9350769c8d5bba97c9c318,2,0
data/raw/yaseen/audio/N_New_3주기/New_N_144.wav,New_N_144.wav,Normal,New_N_144,8000,19226,2.403,108ff1ba0d544b4fbcd64d5d164d413d,0,0
data/raw/yaseen/audio/N_New_3주기/New_N_145.wav,New_N_145.wav,Normal,New_N_145,8000,18560,2.32,18dcc284970abfd4b31d9b58d033deec,3,0
data/raw/yaseen/audio/N_New_3주기/New_N_146.wav,New_N_146.wav,Normal,New_N_146,8000,19171,2.396,6a72f875bf7aeb8d43d13aeb8ac8de76,4,0
data/raw/yaseen/audio/N_New_3주기/New_N_147.wav,New_N_147.wav,Normal,New_N_147,8000,19104,2.388,379f70751e5ca7efd2a3363852f6ae83,0,0
data/raw/yaseen/audio/N_New_3주기/New_N_148.wav,New_N_148.wav,Normal,New_N_148,8000,19246,2.406,125e6e1ba3269638edb5bb2791215e5c,4,0
data/raw/yaseen/audio/N_New_3주기/New_N_149.wav,New_N_149.wav,Normal,New_N_149,8000,18910,2.364,e6c1e39019c8cab4096bca4a3ac11e2e,4,0
data/raw/yaseen/audio/N_New_3주기/New_N_150.wav,New_N_150.wav,Normal,New_N_150,8000,19162,2.395,53339c4556f9e96fa545a2255d327455,4,0
data/raw/yaseen/audio/N_New_3주기/New_N_151.wav,New_N_151.wav,Normal,New_N_151,8000,19026,2.378,f79249aa90b6f6f635262ceb7f02d92a,3,0
data/raw/yaseen/audio/N_New_3주기/New_N_152.wav,New_N_152.wav,Normal,New_N_152,8000,19162,2.395,d1645a5f2894c7cf06213b30669340a9,1,0
data/raw/yaseen/audio/N_New_3주기/New_N_153.wav,New_N_153.wav,Normal,New_N_153,8000,18889,2.361,4a2e0da2d5a20e4fa62484fd97bc3124,4,0
data/raw/yaseen/audio/N_New_3주기/New_N_154.wav,New_N_154.wav,Normal,New_N_154,8000,19366,2.421,7bab4e205efb8be0222a4b9e9a5a0a0f,4,0
data/raw/yaseen/audio/N_New_3주기/New_N_155.wav,New_N_155.wav,Normal,New_N_155,8000,19026,2.378,cdea56d00fad79bf1463c7a13fff064b,0,0
data/raw/yaseen/audio/N_New_3주기/New_N_156.wav,New_N_156.wav,Normal,New_N_156,8000,19303,2.413,78ce0fa6bdadba122eb487bed7c54b4e,1,0
data/raw/yaseen/audio/N_New_3주기/New_N_157.wav,New_N_157.wav,Normal,New_N_157,8000,17074,2.134,393e45a87f880e8d6361dc065bc55189,2,0
data/raw/yaseen/audio/N_New_3주기/New_N_158.wav,New_N_158.wav,Normal,New_N_158,8000,16812,2.102,dea2744b890f83bc6c57705dcba36ff5,2,0
data/raw/yaseen/audio/N_New_3주기/New_N_159.wav,New_N_159.wav,Normal,New_N_159,8000,16694,2.087,da43e065060eb1fa8106762ffb82d3d7,1,0
data/raw/yaseen/audio/N_New_3주기/New_N_160.wav,New_N_160.wav,Normal,New_N_160,8000,16931,2.116,d623ae5258d0f157180fb2d6aa3a9684,2,0
data/raw/yaseen/audio/N_New_3주기/New_N_161.wav,New_N_161.wav,Normal,New_N_161,8000,16694,2.087,0cf7449e02442d878c2c2830a7818e7c,3,0
data/raw/yaseen/audio/N_New_3주기/New_N_162.wav,New_N_162.wav,Normal,New_N_162,8000,16883,2.11,9072855a51db6a536344c654cbf3f243,2,0
data/raw/yaseen/audio/N_New_3주기/New_N_163.wav,New_N_163.wav,Normal,New_N_163,8000,17123,2.14,f033bab00d811e45aba8bbd7f6e4cc94,1,0
data/raw/yaseen/audio/N_New_3주기/New_N_164.wav,New_N_164.wav,Normal,New_N_164,8000,16931,2.116,9504a83bc61705b143db593a400045f2,4,0
data/raw/yaseen/audio/N_New_3주기/New_N_165.wav,New_N_165.wav,Normal,New_N_165,8000,16694,2.087,788b124f83916e254891af82941573f9,2,0
data/raw/yaseen/audio/N_New_3주기/New_N_166.wav,New_N_166.wav,Normal,New_N_166,8000,16913,2.114,b62d2a5ba178ca9ef837d784651c2974,4,0
data/raw/yaseen/audio/N_New_3주기/New_N_167.wav,New_N_167.wav,Normal,New_N_167,8000,16446,2.056,5d0195a580353416524fe0661a097ccf,0,0
data/raw/yaseen/audio/N_New_3주기/New_N_168.wav,New_N_168.wav,Normal,New_N_168,8000,16943,2.118,94fd5490b4408f52f716bbc70110d756,3,0
data/raw/yaseen/audio/N_New_3주기/New_N_169.wav,New_N_169.wav,Normal,New_N_169,8000,16824,2.103,6c2a015c1d9179ca14d994002dffedbc,2,0
data/raw/yaseen/audio/N_New_3주기/New_N_170.wav,New_N_170.wav,Normal,New_N_170,8000,16872,2.109,6a49af16917a6514f236d6fb37ee8d2f,4,0
data/raw/yaseen/audio/N_New_3주기/New_N_171.wav,New_N_171.wav,Normal,New_N_171,8000,16635,2.079,a05b3ccf1474d9d481fb85382fa6462a,3,0
data/raw/yaseen/audio/N_New_3주기/New_N_172.wav,New_N_172.wav,Normal,New_N_172,8000,17003,2.125,2ee7afcfca249bbd185b513cd761b2de,3,0
data/raw/yaseen/audio/N_New_3주기/New_N_173.wav,New_N_173.wav,Normal,New_N_173,8000,17003,2.125,3dfea647d80083229ce4c2ee0bbd91ac,2,0
data/raw/yaseen/audio/N_New_3주기/New_N_174.wav,New_N_174.wav,Normal,New_N_174,8000,16609,2.076,9001986e06a4e76b2b1cc091eec17ee5,1,0
data/raw/yaseen/audio/N_New_3주기/New_N_175.wav,New_N_175.wav,Normal,New_N_175,8000,17025,2.128,7d08de659b16280e4271f8dd24a2929d,1,0
data/raw/yaseen/audio/N_New_3주기/New_N_176.wav,New_N_176.wav,Normal,New_N_176,8000,16848,2.106,2fd04e77c77bde3b290bfad9f4f4280c,1,0
data/raw/yaseen/audio/N_New_3주기/New_N_177.wav,New_N_177.wav,Normal,New_N_177,8000,16849,2.106,2bc984936ca517efa3aab6e17ea95563,1,0
data/raw/yaseen/audio/N_New_3주기/New_N_178.wav,New_N_178.wav,Normal,New_N_178,8000,17026,2.128,050b6b75104cc0a6977d5ed45c6bd724,4,0
data/raw/yaseen/audio/N_New_3주기/New_N_179.wav,New_N_179.wav,Normal,New_N_179,8000,16669,2.084,7b58d604f91d430f10233b29dc8c3d80,0,0
data/raw/yaseen/audio/N_New_3주기/New_N_180.wav,New_N_180.wav,Normal,New_N_180,8000,16930,2.116,f371cc979f85e561c975803743119e36,2,0
data/raw/yaseen/audio/N_New_3주기/New_N_181.wav,New_N_181.wav,Normal,New_N_181,8000,16871,2.109,1595e8d16ae767008cbf7fc043850d3c,4,0
data/raw/yaseen/audio/N_New_3주기/New_N_182.wav,New_N_182.wav,Normal,New_N_182,8000,16908,2.114,a03f22ae32612dbd70a0dd927d33c016,4,0
data/raw/yaseen/audio/N_New_3주기/New_N_183.wav,New_N_183.wav,Normal,New_N_183,8000,16967,2.121,b4a163638fbbb61494f713fb40c49a4d,4,0
data/raw/yaseen/audio/N_New_3주기/New_N_184.wav,New_N_184.wav,Normal,New_N_184,8000,16908,2.114,bd595ac5b7095767d8a270bcffddf866,2,0
data/raw/yaseen/audio/N_New_3주기/New_N_185.wav,New_N_185.wav,Normal,New_N_185,8000,16433,2.054,2b4e109720b0b2f7dad2f8bca6c4ab8c,3,0
data/raw/yaseen/audio/N_New_3주기/New_N_186.wav,New_N_186.wav,Normal,New_N_186,8000,16694,2.087,af8e8f9e4a5cf2fbb6713b2415f47d79,0,0
data/raw/yaseen/audio/N_New_3주기/New_N_187.wav,New_N_187.wav,Normal,New_N_187,8000,16752,2.094,2ab3ff991fb4692b2d63472ec17869b5,4,0
data/raw/yaseen/audio/N_New_3주기/New_N_188.wav,New_N_188.wav,Normal,New_N_188,8000,16967,2.121,a456926b960dec8e357f549663302e88,1,0
data/raw/yaseen/audio/N_New_3주기/New_N_189.wav,New_N_189.wav,Normal,New_N_189,8000,16549,2.069,7683337980d4807f9acc7d0d9bf15b85,3,0
data/raw/yaseen/audio/N_New_3주기/New_N_190.wav,New_N_190.wav,Normal,New_N_190,8000,16846,2.106,54b581a3b88dc8b3b4411b7c58492d79,0,0
data/raw/yaseen/audio/N_New_3주기/New_N_191.wav,New_N_191.wav,Normal,New_N_191,8000,16848,2.106,8271e5ebf6b95764b2726156b3fb022d,3,0
data/raw/yaseen/audio/N_New_3주기/New_N_192.wav,New_N_192.wav,Normal,New_N_192,8000,16914,2.114,0ddf1597f8d0ce3acb894d3f5d0621c7,1,0
data/raw/yaseen/audio/N_New_3주기/New_N_193.wav,New_N_193.wav,Normal,New_N_193,8000,16270,2.034,40ceb5af2f0e9813b9bc1329f98ab993,3,0
data/raw/yaseen/audio/N_New_3주기/New_N_194.wav,New_N_194.wav,Normal,New_N_194,8000,19128,2.391,1b16274213c8ca2f6b3a2ac29be15d97,4,0
data/raw/yaseen/audio/N_New_3주기/New_N_195.wav,New_N_195.wav,Normal,New_N_195,8000,19680,2.46,867dd482a904f10efc3486a8d2bacc24,4,0
data/raw/yaseen/audio/N_New_3주기/New_N_196.wav,New_N_196.wav,Normal,New_N_196,8000,19438,2.43,7c2a9e5a59e485e96c6d24990134bf1a,0,0
data/raw/yaseen/audio/N_New_3주기/New_N_197.wav,New_N_197.wav,Normal,New_N_197,8000,18951,2.369,e8f3d2170b7a5a98ffb2f0af3554e4ff,0,0
data/raw/yaseen/audio/N_New_3주기/New_N_198.wav,New_N_198.wav,Normal,New_N_198,8000,19369,2.421,9eed1409b2c086706eacd23583f80cea,3,0
data/raw/yaseen/audio/N_New_3주기/New_N_199.wav,New_N_199.wav,Normal,New_N_199,8000,19438,2.43,1c6d2fd0f26b8d77e09e1d36e0d59531,1,0
data/raw/yaseen/audio/N_New_3주기/New_N_200.wav,New_N_200.wav,Normal,New_N_200,8000,19242,2.405,a4b5f74f4cb4b72b511a8b9f786ed842,4,0
